edition,source_clause_reference,requirement_locator,draft_control_links,traceability_result,applicability_decision,applicability_rationale,control_sufficiency,evidence_sufficiency,acceptance_criteria_sufficiency,dependency_or_interaction_review,finding_id,finding_disposition,reviewer,review_date,controlled_record_reference
ISO 9001:2026,4.1,PDF p.15 (printed p.5) §4.1 NR-01,CTX-01,NOT_REVIEWED,NOT_REVIEWED,NOT_RECORDED,NOT_REVIEWED,NOT_REVIEWED,NOT_REVIEWED,NOT_REVIEWED,NONE_RECORDED,NOT_REVIEWED,NOT_ASSIGNED,NOT_RECORDED,NOT_RECORDED
ISO 9001:2026,4.1,PDF p.15 (printed p.5) §4.1 NR-02,CTX-01,NOT_REVIEWED,NOT_REVIEWED,NOT_RECORDED,NOT_REVIEWED,NOT_REVIEWED,NOT_REVIEWED,NOT_REVIEWED,NONE_RECORDED,NOT_REVIEWED,NOT_ASSIGNED,NOT_RECORDED,NOT_RECORDED
ISO 9001:2026,4.1,PDF p.15 (printed p.5) §4.1 NR-03,CTX-01,NOT_REVIEWED,NOT_REVIEWED,NOT_RECORDED,NOT_REVIEWED,NOT_REVIEWED,NOT_REVIEWED,NOT_REVIEWED,NONE_RECORDED,NOT_REVIEWED,NOT_ASSIGNED,NOT_RECORDED,NOT_RECORDED
ISO 9001:2026,4.2,PDF p.15 (printed p.5) §4.2 NR-01(a),CTX-02,NOT_REVIEWED,NOT_REVIEWED,NOT_RECORDED,NOT_REVIEWED,NOT_REVIEWED,NOT_REVIEWED,NOT_REVIEWED,NONE_RECORDED,NOT_REVIEWED,NOT_ASSIGNED,NOT_RECORDED,NOT_RECORDED
ISO 9001:2026,4.2,PDF p.15 (printed p.5) §4.2 NR-01(b),CTX-02,NOT_REVIEWED,NOT_REVIEWED,NOT_RECORDED,NOT_REVIEWED,NOT_REVIEWED,NOT_REVIEWED,NOT_REVIEWED,NONE_RECORDED,NOT_REVIEWED,NOT_ASSIGNED,NOT_RECORDED,NOT_RECORDED
ISO 9001:2026,4.2,PDF p.16 (printed p.6) §4.2 NR-01(c),CTX-02,NOT_REVIEWED,NOT_REVIEWED,NOT_RECORDED,NOT_REVIEWED,NOT_REVIEWED,NOT_REVIEWED,NOT_REVIEWED,NONE_RECORDED,NOT_REVIEWED,NOT_ASSIGNED,NOT_RECORDED,NOT_RECORDED
ISO 9001:2026,4.2,PDF p.16 (printed p.6) §4.2 NR-02,CTX-02,NOT_REVIEWED,NOT_REVIEWED,NOT_RECORDED,NOT_REVIEWED,NOT_REVIEWED,NOT_REVIEWED,NOT_REVIEWED,NONE_RECORDED,NOT_REVIEWED,NOT_ASSIGNED,NOT_RECORDED,NOT_RECORDED
ISO 9001:2026,4.3,PDF p.16 (printed p.6) §4.3 NR-01,CTX-03,NOT_REVIEWED,NOT_REVIEWED,NOT_RECORDED,NOT_REVIEWED,NOT_REVIEWED,NOT_REVIEWED,NOT_REVIEWED,NONE_RECORDED,NOT_REVIEWED,NOT_ASSIGNED,NOT_RECORDED,NOT_RECORDED
ISO 9001:2026,4.3,PDF p.16 (printed p.6) §4.3 NR-02(a),CTX-03,NOT_REVIEWED,NOT_REVIEWED,NOT_RECORDED,NOT_REVIEWED,NOT_REVIEWED,NOT_REVIEWED,NOT_REVIEWED,NONE_RECORDED,NOT_REVIEWED,NOT_ASSIGNED,NOT_RECORDED,NOT_RECORDED
ISO 9001:2026,4.3,PDF p.16 (printed p.6) §4.3 NR-02(b),CTX-03,NOT_REVIEWED,NOT_REVIEWED,NOT_RECORDED,NOT_REVIEWED,NOT_REVIEWED,NOT_REVIEWED,NOT_REVIEWED,NONE_RECORDED,NOT_REVIEWED,NOT_ASSIGNED,NOT_RECORDED,NOT_RECORDED
ISO 9001:2026,4.3,PDF p.16 (printed p.6) §4.3 NR-02(c),CTX-03,NOT_REVIEWED,NOT_REVIEWED,NOT_RECORDED,NOT_REVIEWED,NOT_REVIEWED,NOT_REVIEWED,NOT_REVIEWED,NONE_RECORDED,NOT_REVIEWED,NOT_ASSIGNED,NOT_RECORDED,NOT_RECORDED
ISO 9001:2026,4.3,PDF p.16 (printed p.6) §4.3 NR-03,CTX-03,NOT_REVIEWED,NOT_REVIEWED,NOT_RECORDED,NOT_REVIEWED,NOT_REVIEWED,NOT_REVIEWED,NOT_REVIEWED,NONE_RECORDED,NOT_REVIEWED,NOT_ASSIGNED,NOT_RECORDED,NOT_RECORDED
ISO 9001:2026,4.3,PDF p.16 (printed p.6) §4.3 NR-04,CTX-03,NOT_REVIEWED,NOT_REVIEWED,NOT_RECORDED,NOT_REVIEWED,NOT_REVIEWED,NOT_REVIEWED,NOT_REVIEWED,NONE_RECORDED,NOT_REVIEWED,NOT_ASSIGNED,NOT_RECORDED,NOT_RECORDED
ISO 9001:2026,4.3,PDF p.16 (printed p.6) §4.3 NR-05,CTX-03,NOT_REVIEWED,NOT_REVIEWED,NOT_RECORDED,NOT_REVIEWED,NOT_REVIEWED,NOT_REVIEWED,NOT_REVIEWED,NONE_RECORDED,NOT_REVIEWED,NOT_ASSIGNED,NOT_RECORDED,NOT_RECORDED
ISO 9001:2026,4.3,PDF p.16 (printed p.6) §4.3 NR-06,CTX-03,NOT_REVIEWED,NOT_REVIEWED,NOT_RECORDED,NOT_REVIEWED,NOT_REVIEWED,NOT_REVIEWED,NOT_REVIEWED,NONE_RECORDED,NOT_REVIEWED,NOT_ASSIGNED,NOT_RECORDED,NOT_RECORDED
ISO 9001:2026,5.1.1,PDF p.17 (printed p.7) §5.1.1 NR-01(a),LEAD-01,NOT_REVIEWED,NOT_REVIEWED,NOT_RECORDED,NOT_REVIEWED,NOT_REVIEWED,NOT_REVIEWED,NOT_REVIEWED,NONE_RECORDED,NOT_REVIEWED,NOT_ASSIGNED,NOT_RECORDED,NOT_RECORDED
ISO 9001:2026,5.1.1,PDF p.17 (printed p.7) §5.1.1 NR-01(b),LEAD-01,NOT_REVIEWED,NOT_REVIEWED,NOT_RECORDED,NOT_REVIEWED,NOT_REVIEWED,NOT_REVIEWED,NOT_REVIEWED,NONE_RECORDED,NOT_REVIEWED,NOT_ASSIGNED,NOT_RECORDED,NOT_RECORDED
ISO 9001:2026,5.1.1,PDF p.17 (printed p.7) §5.1.1 NR-01(c),LEAD-01,NOT_REVIEWED,NOT_REVIEWED,NOT_RECORDED,NOT_REVIEWED,NOT_REVIEWED,NOT_REVIEWED,NOT_REVIEWED,NONE_RECORDED,NOT_REVIEWED,NOT_ASSIGNED,NOT_RECORDED,NOT_RECORDED
ISO 9001:2026,5.1.1,PDF p.17 (printed p.7) §5.1.1 NR-01(d),LEAD-01,NOT_REVIEWED,NOT_REVIEWED,NOT_RECORDED,NOT_REVIEWED,NOT_REVIEWED,NOT_REVIEWED,NOT_REVIEWED,NONE_RECORDED,NOT_REVIEWED,NOT_ASSIGNED,NOT_RECORDED,NOT_RECORDED
ISO 9001:2026,5.1.1,PDF p.17 (printed p.7) §5.1.1 NR-01(e),LEAD-01,NOT_REVIEWED,NOT_REVIEWED,NOT_RECORDED,NOT_REVIEWED,NOT_REVIEWED,NOT_REVIEWED,NOT_REVIEWED,NONE_RECORDED,NOT_REVIEWED,NOT_ASSIGNED,NOT_RECORDED,NOT_RECORDED
ISO 9001:2026,5.1.1,PDF p.17 (printed p.7) §5.1.1 NR-01(f),LEAD-01,NOT_REVIEWED,NOT_REVIEWED,NOT_RECORDED,NOT_REVIEWED,NOT_REVIEWED,NOT_REVIEWED,NOT_REVIEWED,NONE_RECORDED,NOT_REVIEWED,NOT_ASSIGNED,NOT_RECORDED,NOT_RECORDED
ISO 9001:2026,5.1.1,PDF p.17 (printed p.7) §5.1.1 NR-01(g),LEAD-01,NOT_REVIEWED,NOT_REVIEWED,NOT_RECORDED,NOT_REVIEWED,NOT_REVIEWED,NOT_REVIEWED,NOT_REVIEWED,NONE_RECORDED,NOT_REVIEWED,NOT_ASSIGNED,NOT_RECORDED,NOT_RECORDED
ISO 9001:2026,5.1.1,PDF p.17 (printed p.7) §5.1.1 NR-01(h),LEAD-01,NOT_REVIEWED,NOT_REVIEWED,NOT_RECORDED,NOT_REVIEWED,NOT_REVIEWED,NOT_REVIEWED,NOT_REVIEWED,NONE_RECORDED,NOT_REVIEWED,NOT_ASSIGNED,NOT_RECORDED,NOT_RECORDED
ISO 9001:2026,5.1.1,PDF p.17 (printed p.7) §5.1.1 NR-01(i),LEAD-01,NOT_REVIEWED,NOT_REVIEWED,NOT_RECORDED,NOT_REVIEWED,NOT_REVIEWED,NOT_REVIEWED,NOT_REVIEWED,NONE_RECORDED,NOT_REVIEWED,NOT_ASSIGNED,NOT_RECORDED,NOT_RECORDED
ISO 9001:2026,5.1.1,PDF p.17 (printed p.7) §5.1.1 NR-01(j),LEAD-01,NOT_REVIEWED,NOT_REVIEWED,NOT_RECORDED,NOT_REVIEWED,NOT_REVIEWED,NOT_REVIEWED,NOT_REVIEWED,NONE_RECORDED,NOT_REVIEWED,NOT_ASSIGNED,NOT_RECORDED,NOT_RECORDED
ISO 9001:2026,5.1.1,PDF p.17 (printed p.7) §5.1.1 NR-01(k),LEAD-01,NOT_REVIEWED,NOT_REVIEWED,NOT_RECORDED,NOT_REVIEWED,NOT_REVIEWED,NOT_REVIEWED,NOT_REVIEWED,NONE_RECORDED,NOT_REVIEWED,NOT_ASSIGNED,NOT_RECORDED,NOT_RECORDED
ISO 9001:2026,5.1.1,PDF p.17 (printed p.7) §5.1.1 NR-01(l),LEAD-01,NOT_REVIEWED,NOT_REVIEWED,NOT_RECORDED,NOT_REVIEWED,NOT_REVIEWED,NOT_REVIEWED,NOT_REVIEWED,NONE_RECORDED,NOT_REVIEWED,NOT_ASSIGNED,NOT_RECORDED,NOT_RECORDED
ISO 9001:2026,5.1.2,PDF p.17 (printed p.7) §5.1.2 NR-01(a),LEAD-02,NOT_REVIEWED,NOT_REVIEWED,NOT_RECORDED,NOT_REVIEWED,NOT_REVIEWED,NOT_REVIEWED,NOT_REVIEWED,NONE_RECORDED,NOT_REVIEWED,NOT_ASSIGNED,NOT_RECORDED,NOT_RECORDED
ISO 9001:2026,5.1.2,PDF p.17 (printed p.7) §5.1.2 NR-01(b),LEAD-02,NOT_REVIEWED,NOT_REVIEWED,NOT_RECORDED,NOT_REVIEWED,NOT_REVIEWED,NOT_REVIEWED,NOT_REVIEWED,NONE_RECORDED,NOT_REVIEWED,NOT_ASSIGNED,NOT_RECORDED,NOT_RECORDED
ISO 9001:2026,5.1.2,PDF p.17 (printed p.7) §5.1.2 NR-01(c),LEAD-02,NOT_REVIEWED,NOT_REVIEWED,NOT_RECORDED,NOT_REVIEWED,NOT_REVIEWED,NOT_REVIEWED,NOT_REVIEWED,NONE_RECORDED,NOT_REVIEWED,NOT_ASSIGNED,NOT_RECORDED,NOT_RECORDED
ISO 9001:2026,5.3,PDF p.18 (printed p.8) §5.3 NR-01,LEAD-04,NOT_REVIEWED,NOT_REVIEWED,NOT_RECORDED,NOT_REVIEWED,NOT_REVIEWED,NOT_REVIEWED,NOT_REVIEWED,NONE_RECORDED,NOT_REVIEWED,NOT_ASSIGNED,NOT_RECORDED,NOT_RECORDED
ISO 9001:2026,5.3,PDF p.18 (printed p.8) §5.3 NR-02(a),LEAD-04,NOT_REVIEWED,NOT_REVIEWED,NOT_RECORDED,NOT_REVIEWED,NOT_REVIEWED,NOT_REVIEWED,NOT_REVIEWED,NONE_RECORDED,NOT_REVIEWED,NOT_ASSIGNED,NOT_RECORDED,NOT_RECORDED
ISO 9001:2026,5.3,PDF p.18 (printed p.8) §5.3 NR-02(b),LEAD-04,NOT_REVIEWED,NOT_REVIEWED,NOT_RECORDED,NOT_REVIEWED,NOT_REVIEWED,NOT_REVIEWED,NOT_REVIEWED,NONE_RECORDED,NOT_REVIEWED,NOT_ASSIGNED,NOT_RECORDED,NOT_RECORDED
ISO 9001:2026,5.3,PDF p.18 (printed p.8) §5.3 NR-02(c),LEAD-04,NOT_REVIEWED,NOT_REVIEWED,NOT_RECORDED,NOT_REVIEWED,NOT_REVIEWED,NOT_REVIEWED,NOT_REVIEWED,NONE_RECORDED,NOT_REVIEWED,NOT_ASSIGNED,NOT_RECORDED,NOT_RECORDED
ISO 9001:2026,5.3,PDF p.18 (printed p.8) §5.3 NR-02(d),LEAD-04,NOT_REVIEWED,NOT_REVIEWED,NOT_RECORDED,NOT_REVIEWED,NOT_REVIEWED,NOT_REVIEWED,NOT_REVIEWED,NONE_RECORDED,NOT_REVIEWED,NOT_ASSIGNED,NOT_RECORDED,NOT_RECORDED
ISO 9001:2026,5.3,PDF p.18 (printed p.8) §5.3 NR-02(e),LEAD-04,NOT_REVIEWED,NOT_REVIEWED,NOT_RECORDED,NOT_REVIEWED,NOT_REVIEWED,NOT_REVIEWED,NOT_REVIEWED,NONE_RECORDED,NOT_REVIEWED,NOT_ASSIGNED,NOT_RECORDED,NOT_RECORDED
ISO 9001:2026,5.3,PDF p.18 (printed p.8) §5.3 NR-02(f),LEAD-04,NOT_REVIEWED,NOT_REVIEWED,NOT_RECORDED,NOT_REVIEWED,NOT_REVIEWED,NOT_REVIEWED,NOT_REVIEWED,NONE_RECORDED,NOT_REVIEWED,NOT_ASSIGNED,NOT_RECORDED,NOT_RECORDED
ISO 9001:2026,6.1.1,PDF p.18 (printed p.8) §6.1.1 NR-01(a),PLAN-01,NOT_REVIEWED,NOT_REVIEWED,NOT_RECORDED,NOT_REVIEWED,NOT_REVIEWED,NOT_REVIEWED,NOT_REVIEWED,NONE_RECORDED,NOT_REVIEWED,NOT_ASSIGNED,NOT_RECORDED,NOT_RECORDED
ISO 9001:2026,6.1.1,PDF p.18 (printed p.8) §6.1.1 NR-01(b),PLAN-01,NOT_REVIEWED,NOT_REVIEWED,NOT_RECORDED,NOT_REVIEWED,NOT_REVIEWED,NOT_REVIEWED,NOT_REVIEWED,NONE_RECORDED,NOT_REVIEWED,NOT_ASSIGNED,NOT_RECORDED,NOT_RECORDED
ISO 9001:2026,6.1.1,PDF p.18 (printed p.8) §6.1.1 NR-01(c),PLAN-01,NOT_REVIEWED,NOT_REVIEWED,NOT_RECORDED,NOT_REVIEWED,NOT_REVIEWED,NOT_REVIEWED,NOT_REVIEWED,NONE_RECORDED,NOT_REVIEWED,NOT_ASSIGNED,NOT_RECORDED,NOT_RECORDED
ISO 9001:2026,6.1.1,PDF p.18 (printed p.8) §6.1.1 NR-01(d),PLAN-01,NOT_REVIEWED,NOT_REVIEWED,NOT_RECORDED,NOT_REVIEWED,NOT_REVIEWED,NOT_REVIEWED,NOT_REVIEWED,NONE_RECORDED,NOT_REVIEWED,NOT_ASSIGNED,NOT_RECORDED,NOT_RECORDED
ISO 9001:2026,6.1.2,PDF p.19 (printed p.9) §6.1.2 NR-01,PLAN-01,NOT_REVIEWED,NOT_REVIEWED,NOT_RECORDED,NOT_REVIEWED,NOT_REVIEWED,NOT_REVIEWED,NOT_REVIEWED,NONE_RECORDED,NOT_REVIEWED,NOT_ASSIGNED,NOT_RECORDED,NOT_RECORDED
ISO 9001:2026,6.1.2,PDF p.19 (printed p.9) §6.1.2 NR-02(a),PLAN-01,NOT_REVIEWED,NOT_REVIEWED,NOT_RECORDED,NOT_REVIEWED,NOT_REVIEWED,NOT_REVIEWED,NOT_REVIEWED,NONE_RECORDED,NOT_REVIEWED,NOT_ASSIGNED,NOT_RECORDED,NOT_RECORDED
ISO 9001:2026,6.1.2,PDF p.19 (printed p.9) §6.1.2 NR-02(b),PLAN-01,NOT_REVIEWED,NOT_REVIEWED,NOT_RECORDED,NOT_REVIEWED,NOT_REVIEWED,NOT_REVIEWED,NOT_REVIEWED,NONE_RECORDED,NOT_REVIEWED,NOT_ASSIGNED,NOT_RECORDED,NOT_RECORDED
ISO 9001:2026,6.1.2,PDF p.19 (printed p.9) §6.1.2 NR-03,PLAN-01,NOT_REVIEWED,NOT_REVIEWED,NOT_RECORDED,NOT_REVIEWED,NOT_REVIEWED,NOT_REVIEWED,NOT_REVIEWED,NONE_RECORDED,NOT_REVIEWED,NOT_ASSIGNED,NOT_RECORDED,NOT_RECORDED
ISO 9001:2026,6.1.3,PDF p.19 (printed p.9) §6.1.3 NR-01,PLAN-02,NOT_REVIEWED,NOT_REVIEWED,NOT_RECORDED,NOT_REVIEWED,NOT_REVIEWED,NOT_REVIEWED,NOT_REVIEWED,NONE_RECORDED,NOT_REVIEWED,NOT_ASSIGNED,NOT_RECORDED,NOT_RECORDED
ISO 9001:2026,6.1.3,PDF p.19 (printed p.9) §6.1.3 NR-02(a),PLAN-02,NOT_REVIEWED,NOT_REVIEWED,NOT_RECORDED,NOT_REVIEWED,NOT_REVIEWED,NOT_REVIEWED,NOT_REVIEWED,NONE_RECORDED,NOT_REVIEWED,NOT_ASSIGNED,NOT_RECORDED,NOT_RECORDED
ISO 9001:2026,6.1.3,PDF p.19 (printed p.9) §6.1.3 NR-02(b),PLAN-02,NOT_REVIEWED,NOT_REVIEWED,NOT_RECORDED,NOT_REVIEWED,NOT_REVIEWED,NOT_REVIEWED,NOT_REVIEWED,NONE_RECORDED,NOT_REVIEWED,NOT_ASSIGNED,NOT_RECORDED,NOT_RECORDED
ISO 9001:2026,6.1.3,PDF p.19 (printed p.9) §6.1.3 NR-03,PLAN-02,NOT_REVIEWED,NOT_REVIEWED,NOT_RECORDED,NOT_REVIEWED,NOT_REVIEWED,NOT_REVIEWED,NOT_REVIEWED,NONE_RECORDED,NOT_REVIEWED,NOT_ASSIGNED,NOT_RECORDED,NOT_RECORDED
ISO 9001:2026,6.3,PDF p.20 (printed p.10) §6.3 NR-01,PLAN-04,NOT_REVIEWED,NOT_REVIEWED,NOT_RECORDED,NOT_REVIEWED,NOT_REVIEWED,NOT_REVIEWED,NOT_REVIEWED,NONE_RECORDED,NOT_REVIEWED,NOT_ASSIGNED,NOT_RECORDED,NOT_RECORDED
ISO 9001:2026,6.3,PDF p.20 (printed p.10) §6.3 NR-02(a),PLAN-04,NOT_REVIEWED,NOT_REVIEWED,NOT_RECORDED,NOT_REVIEWED,NOT_REVIEWED,NOT_REVIEWED,NOT_REVIEWED,NONE_RECORDED,NOT_REVIEWED,NOT_ASSIGNED,NOT_RECORDED,NOT_RECORDED
ISO 9001:2026,6.3,PDF p.20 (printed p.10) §6.3 NR-02(b),PLAN-04,NOT_REVIEWED,NOT_REVIEWED,NOT_RECORDED,NOT_REVIEWED,NOT_REVIEWED,NOT_REVIEWED,NOT_REVIEWED,NONE_RECORDED,NOT_REVIEWED,NOT_ASSIGNED,NOT_RECORDED,NOT_RECORDED
ISO 9001:2026,6.3,PDF p.20 (printed p.10) §6.3 NR-02(c),PLAN-04,NOT_REVIEWED,NOT_REVIEWED,NOT_RECORDED,NOT_REVIEWED,NOT_REVIEWED,NOT_REVIEWED,NOT_REVIEWED,NONE_RECORDED,NOT_REVIEWED,NOT_ASSIGNED,NOT_RECORDED,NOT_RECORDED
ISO 9001:2026,6.3,PDF p.20 (printed p.10) §6.3 NR-02(d),PLAN-04,NOT_REVIEWED,NOT_REVIEWED,NOT_RECORDED,NOT_REVIEWED,NOT_REVIEWED,NOT_REVIEWED,NOT_REVIEWED,NONE_RECORDED,NOT_REVIEWED,NOT_ASSIGNED,NOT_RECORDED,NOT_RECORDED
ISO 9001:2026,6.3,PDF p.20 (printed p.10) §6.3 NR-02(e),PLAN-04,NOT_REVIEWED,NOT_REVIEWED,NOT_RECORDED,NOT_REVIEWED,NOT_REVIEWED,NOT_REVIEWED,NOT_REVIEWED,NONE_RECORDED,NOT_REVIEWED,NOT_ASSIGNED,NOT_RECORDED,NOT_RECORDED
ISO 9001:2026,6.3,PDF p.20 (printed p.10) §6.3 NR-02(f),PLAN-04,NOT_REVIEWED,NOT_REVIEWED,NOT_RECORDED,NOT_REVIEWED,NOT_REVIEWED,NOT_REVIEWED,NOT_REVIEWED,NONE_RECORDED,NOT_REVIEWED,NOT_ASSIGNED,NOT_RECORDED,NOT_RECORDED
ISO 9001:2026,6.3,PDF p.20 (printed p.10) §6.3 NR-02(g),PLAN-04,NOT_REVIEWED,NOT_REVIEWED,NOT_RECORDED,NOT_REVIEWED,NOT_REVIEWED,NOT_REVIEWED,NOT_REVIEWED,NONE_RECORDED,NOT_REVIEWED,NOT_ASSIGNED,NOT_RECORDED,NOT_RECORDED
ISO 9001:2026,7.1.1,PDF p.20 (printed p.10) §7.1.1 NR-01,SUP-01,NOT_REVIEWED,NOT_REVIEWED,NOT_RECORDED,NOT_REVIEWED,NOT_REVIEWED,NOT_REVIEWED,NOT_REVIEWED,NONE_RECORDED,NOT_REVIEWED,NOT_ASSIGNED,NOT_RECORDED,NOT_RECORDED
ISO 9001:2026,7.1.1,PDF p.20 (printed p.10) §7.1.1 NR-02(a),SUP-01,NOT_REVIEWED,NOT_REVIEWED,NOT_RECORDED,NOT_REVIEWED,NOT_REVIEWED,NOT_REVIEWED,NOT_REVIEWED,NONE_RECORDED,NOT_REVIEWED,NOT_ASSIGNED,NOT_RECORDED,NOT_RECORDED
ISO 9001:2026,7.1.1,PDF p.20 (printed p.10) §7.1.1 NR-02(b),SUP-01,NOT_REVIEWED,NOT_REVIEWED,NOT_RECORDED,NOT_REVIEWED,NOT_REVIEWED,NOT_REVIEWED,NOT_REVIEWED,NONE_RECORDED,NOT_REVIEWED,NOT_ASSIGNED,NOT_RECORDED,NOT_RECORDED
ISO 9001:2026,7.1.2,PDF p.20 (printed p.10) §7.1.2 NR-01,SUP-02,NOT_REVIEWED,NOT_REVIEWED,NOT_RECORDED,NOT_REVIEWED,NOT_REVIEWED,NOT_REVIEWED,NOT_REVIEWED,NONE_RECORDED,NOT_REVIEWED,NOT_ASSIGNED,NOT_RECORDED,NOT_RECORDED
ISO 9001:2026,7.1.3,PDF p.21 (printed p.11) §7.1.3 NR-01,SUP-03,NOT_REVIEWED,NOT_REVIEWED,NOT_RECORDED,NOT_REVIEWED,NOT_REVIEWED,NOT_REVIEWED,NOT_REVIEWED,NONE_RECORDED,NOT_REVIEWED,NOT_ASSIGNED,NOT_RECORDED,NOT_RECORDED
ISO 9001:2026,7.1.4,PDF p.21 (printed p.11) §7.1.4 NR-01,SUP-03,NOT_REVIEWED,NOT_REVIEWED,NOT_RECORDED,NOT_REVIEWED,NOT_REVIEWED,NOT_REVIEWED,NOT_REVIEWED,NONE_RECORDED,NOT_REVIEWED,NOT_ASSIGNED,NOT_RECORDED,NOT_RECORDED
ISO 9001:2026,7.1.6,PDF p.22 (printed p.12) §7.1.6 NR-01,SUP-05,NOT_REVIEWED,NOT_REVIEWED,NOT_RECORDED,NOT_REVIEWED,NOT_REVIEWED,NOT_REVIEWED,NOT_REVIEWED,NONE_RECORDED,NOT_REVIEWED,NOT_ASSIGNED,NOT_RECORDED,NOT_RECORDED
ISO 9001:2026,7.1.6,PDF p.22 (printed p.12) §7.1.6 NR-02,SUP-05,NOT_REVIEWED,NOT_REVIEWED,NOT_RECORDED,NOT_REVIEWED,NOT_REVIEWED,NOT_REVIEWED,NOT_REVIEWED,NONE_RECORDED,NOT_REVIEWED,NOT_ASSIGNED,NOT_RECORDED,NOT_RECORDED
ISO 9001:2026,7.1.6,PDF p.22 (printed p.12) §7.1.6 NR-03,SUP-05,NOT_REVIEWED,NOT_REVIEWED,NOT_RECORDED,NOT_REVIEWED,NOT_REVIEWED,NOT_REVIEWED,NOT_REVIEWED,NONE_RECORDED,NOT_REVIEWED,NOT_ASSIGNED,NOT_RECORDED,NOT_RECORDED
ISO 9001:2026,7.2,PDF p.22 (printed p.12) §7.2 NR-01(a),SUP-02,NOT_REVIEWED,NOT_REVIEWED,NOT_RECORDED,NOT_REVIEWED,NOT_REVIEWED,NOT_REVIEWED,NOT_REVIEWED,NONE_RECORDED,NOT_REVIEWED,NOT_ASSIGNED,NOT_RECORDED,NOT_RECORDED
ISO 9001:2026,7.2,PDF p.22 (printed p.12) §7.2 NR-01(b),SUP-02,NOT_REVIEWED,NOT_REVIEWED,NOT_RECORDED,NOT_REVIEWED,NOT_REVIEWED,NOT_REVIEWED,NOT_REVIEWED,NONE_RECORDED,NOT_REVIEWED,NOT_ASSIGNED,NOT_RECORDED,NOT_RECORDED
ISO 9001:2026,7.2,PDF p.22 (printed p.12) §7.2 NR-01(c),SUP-02,NOT_REVIEWED,NOT_REVIEWED,NOT_RECORDED,NOT_REVIEWED,NOT_REVIEWED,NOT_REVIEWED,NOT_REVIEWED,NONE_RECORDED,NOT_REVIEWED,NOT_ASSIGNED,NOT_RECORDED,NOT_RECORDED
ISO 9001:2026,7.2,PDF p.22 (printed p.12) §7.2 NR-02,SUP-02,NOT_REVIEWED,NOT_REVIEWED,NOT_RECORDED,NOT_REVIEWED,NOT_REVIEWED,NOT_REVIEWED,NOT_REVIEWED,NONE_RECORDED,NOT_REVIEWED,NOT_ASSIGNED,NOT_RECORDED,NOT_RECORDED
ISO 9001:2026,7.3,PDF p.22 (printed p.12) §7.3 NR-01(a),SUP-06,NOT_REVIEWED,NOT_REVIEWED,NOT_RECORDED,NOT_REVIEWED,NOT_REVIEWED,NOT_REVIEWED,NOT_REVIEWED,NONE_RECORDED,NOT_REVIEWED,NOT_ASSIGNED,NOT_RECORDED,NOT_RECORDED
ISO 9001:2026,7.3,PDF p.22 (printed p.12) §7.3 NR-01(b),SUP-06,NOT_REVIEWED,NOT_REVIEWED,NOT_RECORDED,NOT_REVIEWED,NOT_REVIEWED,NOT_REVIEWED,NOT_REVIEWED,NONE_RECORDED,NOT_REVIEWED,NOT_ASSIGNED,NOT_RECORDED,NOT_RECORDED
ISO 9001:2026,7.3,PDF p.22 (printed p.12) §7.3 NR-01(c),SUP-06,NOT_REVIEWED,NOT_REVIEWED,NOT_RECORDED,NOT_REVIEWED,NOT_REVIEWED,NOT_REVIEWED,NOT_REVIEWED,NONE_RECORDED,NOT_REVIEWED,NOT_ASSIGNED,NOT_RECORDED,NOT_RECORDED
ISO 9001:2026,7.3,PDF p.22 (printed p.12) §7.3 NR-01(d),SUP-06,NOT_REVIEWED,NOT_REVIEWED,NOT_RECORDED,NOT_REVIEWED,NOT_REVIEWED,NOT_REVIEWED,NOT_REVIEWED,NONE_RECORDED,NOT_REVIEWED,NOT_ASSIGNED,NOT_RECORDED,NOT_RECORDED
ISO 9001:2026,7.3,PDF p.22 (printed p.12) §7.3 NR-01(e),SUP-06,NOT_REVIEWED,NOT_REVIEWED,NOT_RECORDED,NOT_REVIEWED,NOT_REVIEWED,NOT_REVIEWED,NOT_REVIEWED,NONE_RECORDED,NOT_REVIEWED,NOT_ASSIGNED,NOT_RECORDED,NOT_RECORDED
ISO 9001:2026,7.4,PDF p.22 (printed p.12) §7.4 NR-01(a),SUP-07,NOT_REVIEWED,NOT_REVIEWED,NOT_RECORDED,NOT_REVIEWED,NOT_REVIEWED,NOT_REVIEWED,NOT_REVIEWED,NONE_RECORDED,NOT_REVIEWED,NOT_ASSIGNED,NOT_RECORDED,NOT_RECORDED
ISO 9001:2026,7.4,PDF p.22 (printed p.12) §7.4 NR-01(b),SUP-07,NOT_REVIEWED,NOT_REVIEWED,NOT_RECORDED,NOT_REVIEWED,NOT_REVIEWED,NOT_REVIEWED,NOT_REVIEWED,NONE_RECORDED,NOT_REVIEWED,NOT_ASSIGNED,NOT_RECORDED,NOT_RECORDED
ISO 9001:2026,7.4,PDF p.22 (printed p.12) §7.4 NR-01(c),SUP-07,NOT_REVIEWED,NOT_REVIEWED,NOT_RECORDED,NOT_REVIEWED,NOT_REVIEWED,NOT_REVIEWED,NOT_REVIEWED,NONE_RECORDED,NOT_REVIEWED,NOT_ASSIGNED,NOT_RECORDED,NOT_RECORDED
ISO 9001:2026,7.4,PDF p.22 (printed p.12) §7.4 NR-01(d),SUP-07,NOT_REVIEWED,NOT_REVIEWED,NOT_RECORDED,NOT_REVIEWED,NOT_REVIEWED,NOT_REVIEWED,NOT_REVIEWED,NONE_RECORDED,NOT_REVIEWED,NOT_ASSIGNED,NOT_RECORDED,NOT_RECORDED
ISO 9001:2026,7.4,PDF p.23 (printed p.13) §7.4 NR-01(e),SUP-07,NOT_REVIEWED,NOT_REVIEWED,NOT_RECORDED,NOT_REVIEWED,NOT_REVIEWED,NOT_REVIEWED,NOT_REVIEWED,NONE_RECORDED,NOT_REVIEWED,NOT_ASSIGNED,NOT_RECORDED,NOT_RECORDED
ISO 9001:2026,7.5.1,PDF p.23 (printed p.13) §7.5.1 NR-01(a),SUP-08,NOT_REVIEWED,NOT_REVIEWED,NOT_RECORDED,NOT_REVIEWED,NOT_REVIEWED,NOT_REVIEWED,NOT_REVIEWED,NONE_RECORDED,NOT_REVIEWED,NOT_ASSIGNED,NOT_RECORDED,NOT_RECORDED
ISO 9001:2026,7.5.1,PDF p.23 (printed p.13) §7.5.1 NR-01(b),SUP-08,NOT_REVIEWED,NOT_REVIEWED,NOT_RECORDED,NOT_REVIEWED,NOT_REVIEWED,NOT_REVIEWED,NOT_REVIEWED,NONE_RECORDED,NOT_REVIEWED,NOT_ASSIGNED,NOT_RECORDED,NOT_RECORDED
ISO 9001:2026,7.5.2,PDF p.23 (printed p.13) §7.5.2 NR-01(a),SUP-08,NOT_REVIEWED,NOT_REVIEWED,NOT_RECORDED,NOT_REVIEWED,NOT_REVIEWED,NOT_REVIEWED,NOT_REVIEWED,NONE_RECORDED,NOT_REVIEWED,NOT_ASSIGNED,NOT_RECORDED,NOT_RECORDED
ISO 9001:2026,7.5.2,PDF p.23 (printed p.13) §7.5.2 NR-01(b),SUP-08,NOT_REVIEWED,NOT_REVIEWED,NOT_RECORDED,NOT_REVIEWED,NOT_REVIEWED,NOT_REVIEWED,NOT_REVIEWED,NONE_RECORDED,NOT_REVIEWED,NOT_ASSIGNED,NOT_RECORDED,NOT_RECORDED
ISO 9001:2026,7.5.2,PDF p.23 (printed p.13) §7.5.2 NR-01(c),SUP-08,NOT_REVIEWED,NOT_REVIEWED,NOT_RECORDED,NOT_REVIEWED,NOT_REVIEWED,NOT_REVIEWED,NOT_REVIEWED,NONE_RECORDED,NOT_REVIEWED,NOT_ASSIGNED,NOT_RECORDED,NOT_RECORDED
ISO 9001:2026,8.1,PDF p.24 (printed p.14) §8.1 NR-01(a),OPER-01,NOT_REVIEWED,NOT_REVIEWED,NOT_RECORDED,NOT_REVIEWED,NOT_REVIEWED,NOT_REVIEWED,NOT_REVIEWED,NONE_RECORDED,NOT_REVIEWED,NOT_ASSIGNED,NOT_RECORDED,NOT_RECORDED
ISO 9001:2026,8.1,PDF p.24 (printed p.14) §8.1 NR-01(b),OPER-01,NOT_REVIEWED,NOT_REVIEWED,NOT_RECORDED,NOT_REVIEWED,NOT_REVIEWED,NOT_REVIEWED,NOT_REVIEWED,NONE_RECORDED,NOT_REVIEWED,NOT_ASSIGNED,NOT_RECORDED,NOT_RECORDED
ISO 9001:2026,8.1,PDF p.24 (printed p.14) §8.1 NR-01(c),OPER-01,NOT_REVIEWED,NOT_REVIEWED,NOT_RECORDED,NOT_REVIEWED,NOT_REVIEWED,NOT_REVIEWED,NOT_REVIEWED,NONE_RECORDED,NOT_REVIEWED,NOT_ASSIGNED,NOT_RECORDED,NOT_RECORDED
ISO 9001:2026,8.1,PDF p.24 (printed p.14) §8.1 NR-01(d),OPER-01,NOT_REVIEWED,NOT_REVIEWED,NOT_RECORDED,NOT_REVIEWED,NOT_REVIEWED,NOT_REVIEWED,NOT_REVIEWED,NONE_RECORDED,NOT_REVIEWED,NOT_ASSIGNED,NOT_RECORDED,NOT_RECORDED
ISO 9001:2026,8.1,PDF p.24 (printed p.14) §8.1 NR-01(e),OPER-01,NOT_REVIEWED,NOT_REVIEWED,NOT_RECORDED,NOT_REVIEWED,NOT_REVIEWED,NOT_REVIEWED,NOT_REVIEWED,NONE_RECORDED,NOT_REVIEWED,NOT_ASSIGNED,NOT_RECORDED,NOT_RECORDED
ISO 9001:2026,8.1,PDF p.24 (printed p.14) §8.1 NR-02,OPER-01,NOT_REVIEWED,NOT_REVIEWED,NOT_RECORDED,NOT_REVIEWED,NOT_REVIEWED,NOT_REVIEWED,NOT_REVIEWED,NONE_RECORDED,NOT_REVIEWED,NOT_ASSIGNED,NOT_RECORDED,NOT_RECORDED
ISO 9001:2026,8.1,PDF p.24 (printed p.14) §8.1 NR-03,OPER-01,NOT_REVIEWED,NOT_REVIEWED,NOT_RECORDED,NOT_REVIEWED,NOT_REVIEWED,NOT_REVIEWED,NOT_REVIEWED,NONE_RECORDED,NOT_REVIEWED,NOT_ASSIGNED,NOT_RECORDED,NOT_RECORDED
ISO 9001:2026,8.1,PDF p.24 (printed p.14) §8.1 NR-04,OPER-01,NOT_REVIEWED,NOT_REVIEWED,NOT_RECORDED,NOT_REVIEWED,NOT_REVIEWED,NOT_REVIEWED,NOT_REVIEWED,NONE_RECORDED,NOT_REVIEWED,NOT_ASSIGNED,NOT_RECORDED,NOT_RECORDED
ISO 9001:2026,8.1,PDF p.24 (printed p.14) §8.1 NR-05,OPER-01,NOT_REVIEWED,NOT_REVIEWED,NOT_RECORDED,NOT_REVIEWED,NOT_REVIEWED,NOT_REVIEWED,NOT_REVIEWED,NONE_RECORDED,NOT_REVIEWED,NOT_ASSIGNED,NOT_RECORDED,NOT_RECORDED
ISO 9001:2026,8.2.1,PDF p.24 (printed p.14) §8.2.1 NR-01(a),OPER-02,NOT_REVIEWED,NOT_REVIEWED,NOT_RECORDED,NOT_REVIEWED,NOT_REVIEWED,NOT_REVIEWED,NOT_REVIEWED,NONE_RECORDED,NOT_REVIEWED,NOT_ASSIGNED,NOT_RECORDED,NOT_RECORDED
ISO 9001:2026,8.2.1,PDF p.24 (printed p.14) §8.2.1 NR-01(b),OPER-02,NOT_REVIEWED,NOT_REVIEWED,NOT_RECORDED,NOT_REVIEWED,NOT_REVIEWED,NOT_REVIEWED,NOT_REVIEWED,NONE_RECORDED,NOT_REVIEWED,NOT_ASSIGNED,NOT_RECORDED,NOT_RECORDED
ISO 9001:2026,8.2.1,PDF p.24 (printed p.14) §8.2.1 NR-01(c),OPER-02,NOT_REVIEWED,NOT_REVIEWED,NOT_RECORDED,NOT_REVIEWED,NOT_REVIEWED,NOT_REVIEWED,NOT_REVIEWED,NONE_RECORDED,NOT_REVIEWED,NOT_ASSIGNED,NOT_RECORDED,NOT_RECORDED
ISO 9001:2026,8.2.1,PDF p.24 (printed p.14) §8.2.1 NR-01(d),OPER-02,NOT_REVIEWED,NOT_REVIEWED,NOT_RECORDED,NOT_REVIEWED,NOT_REVIEWED,NOT_REVIEWED,NOT_REVIEWED,NONE_RECORDED,NOT_REVIEWED,NOT_ASSIGNED,NOT_RECORDED,NOT_RECORDED
ISO 9001:2026,8.2.1,PDF p.24 (printed p.14) §8.2.1 NR-01(e),OPER-02,NOT_REVIEWED,NOT_REVIEWED,NOT_RECORDED,NOT_REVIEWED,NOT_REVIEWED,NOT_REVIEWED,NOT_REVIEWED,NONE_RECORDED,NOT_REVIEWED,NOT_ASSIGNED,NOT_RECORDED,NOT_RECORDED
ISO 9001:2026,8.2.2,PDF p.24 (printed p.14) §8.2.2 NR-01(a),OPER-03,NOT_REVIEWED,NOT_REVIEWED,NOT_RECORDED,NOT_REVIEWED,NOT_REVIEWED,NOT_REVIEWED,NOT_REVIEWED,NONE_RECORDED,NOT_REVIEWED,NOT_ASSIGNED,NOT_RECORDED,NOT_RECORDED
ISO 9001:2026,8.2.2,PDF p.24 (printed p.14) §8.2.2 NR-01(b),OPER-03,NOT_REVIEWED,NOT_REVIEWED,NOT_RECORDED,NOT_REVIEWED,NOT_REVIEWED,NOT_REVIEWED,NOT_REVIEWED,NONE_RECORDED,NOT_REVIEWED,NOT_ASSIGNED,NOT_RECORDED,NOT_RECORDED
ISO 9001:2026,8.2.4,PDF p.25 (printed p.15) §8.2.4 NR-01,OPER-03,NOT_REVIEWED,NOT_REVIEWED,NOT_RECORDED,NOT_REVIEWED,NOT_REVIEWED,NOT_REVIEWED,NOT_REVIEWED,NONE_RECORDED,NOT_REVIEWED,NOT_ASSIGNED,NOT_RECORDED,NOT_RECORDED
ISO 9001:2026,8.3.1,PDF p.25 (printed p.15) §8.3.1 NR-01,OPER-04,NOT_REVIEWED,NOT_REVIEWED,NOT_RECORDED,NOT_REVIEWED,NOT_REVIEWED,NOT_REVIEWED,NOT_REVIEWED,NONE_RECORDED,NOT_REVIEWED,NOT_ASSIGNED,NOT_RECORDED,NOT_RECORDED
ISO 9001:2026,8.3.2,PDF p.25 (printed p.15) §8.3.2 NR-01(a),OPER-04,NOT_REVIEWED,NOT_REVIEWED,NOT_RECORDED,NOT_REVIEWED,NOT_REVIEWED,NOT_REVIEWED,NOT_REVIEWED,NONE_RECORDED,NOT_REVIEWED,NOT_ASSIGNED,NOT_RECORDED,NOT_RECORDED
ISO 9001:2026,8.3.2,PDF p.25 (printed p.15) §8.3.2 NR-01(b),OPER-04,NOT_REVIEWED,NOT_REVIEWED,NOT_RECORDED,NOT_REVIEWED,NOT_REVIEWED,NOT_REVIEWED,NOT_REVIEWED,NONE_RECORDED,NOT_REVIEWED,NOT_ASSIGNED,NOT_RECORDED,NOT_RECORDED
ISO 9001:2026,8.3.2,PDF p.25 (printed p.15) §8.3.2 NR-01(c),OPER-04,NOT_REVIEWED,NOT_REVIEWED,NOT_RECORDED,NOT_REVIEWED,NOT_REVIEWED,NOT_REVIEWED,NOT_REVIEWED,NONE_RECORDED,NOT_REVIEWED,NOT_ASSIGNED,NOT_RECORDED,NOT_RECORDED
ISO 9001:2026,8.3.2,PDF p.25 (printed p.15) §8.3.2 NR-01(d),OPER-04,NOT_REVIEWED,NOT_REVIEWED,NOT_RECORDED,NOT_REVIEWED,NOT_REVIEWED,NOT_REVIEWED,NOT_REVIEWED,NONE_RECORDED,NOT_REVIEWED,NOT_ASSIGNED,NOT_RECORDED,NOT_RECORDED
ISO 9001:2026,8.3.2,PDF p.25 (printed p.15) §8.3.2 NR-01(e),OPER-04,NOT_REVIEWED,NOT_REVIEWED,NOT_RECORDED,NOT_REVIEWED,NOT_REVIEWED,NOT_REVIEWED,NOT_REVIEWED,NONE_RECORDED,NOT_REVIEWED,NOT_ASSIGNED,NOT_RECORDED,NOT_RECORDED
ISO 9001:2026,8.3.2,PDF p.25 (printed p.15) §8.3.2 NR-01(f),OPER-04,NOT_REVIEWED,NOT_REVIEWED,NOT_RECORDED,NOT_REVIEWED,NOT_REVIEWED,NOT_REVIEWED,NOT_REVIEWED,NONE_RECORDED,NOT_REVIEWED,NOT_ASSIGNED,NOT_RECORDED,NOT_RECORDED
ISO 9001:2026,8.3.2,PDF p.26 (printed p.16) §8.3.2 NR-01(g),OPER-04,NOT_REVIEWED,NOT_REVIEWED,NOT_RECORDED,NOT_REVIEWED,NOT_REVIEWED,NOT_REVIEWED,NOT_REVIEWED,NONE_RECORDED,NOT_REVIEWED,NOT_ASSIGNED,NOT_RECORDED,NOT_RECORDED
ISO 9001:2026,8.3.2,PDF p.26 (printed p.16) §8.3.2 NR-01(h),OPER-04,NOT_REVIEWED,NOT_REVIEWED,NOT_RECORDED,NOT_REVIEWED,NOT_REVIEWED,NOT_REVIEWED,NOT_REVIEWED,NONE_RECORDED,NOT_REVIEWED,NOT_ASSIGNED,NOT_RECORDED,NOT_RECORDED
ISO 9001:2026,8.3.2,PDF p.26 (printed p.16) §8.3.2 NR-01(i),OPER-04,NOT_REVIEWED,NOT_REVIEWED,NOT_RECORDED,NOT_REVIEWED,NOT_REVIEWED,NOT_REVIEWED,NOT_REVIEWED,NONE_RECORDED,NOT_REVIEWED,NOT_ASSIGNED,NOT_RECORDED,NOT_RECORDED
ISO 9001:2026,8.3.2,PDF p.26 (printed p.16) §8.3.2 NR-01(j),OPER-04,NOT_REVIEWED,NOT_REVIEWED,NOT_RECORDED,NOT_REVIEWED,NOT_REVIEWED,NOT_REVIEWED,NOT_REVIEWED,NONE_RECORDED,NOT_REVIEWED,NOT_ASSIGNED,NOT_RECORDED,NOT_RECORDED
ISO 9001:2026,8.3.3,PDF p.26 (printed p.16) §8.3.3 NR-01,OPER-05,NOT_REVIEWED,NOT_REVIEWED,NOT_RECORDED,NOT_REVIEWED,NOT_REVIEWED,NOT_REVIEWED,NOT_REVIEWED,NONE_RECORDED,NOT_REVIEWED,NOT_ASSIGNED,NOT_RECORDED,NOT_RECORDED
ISO 9001:2026,8.3.3,PDF p.26 (printed p.16) §8.3.3 NR-02(a),OPER-05,NOT_REVIEWED,NOT_REVIEWED,NOT_RECORDED,NOT_REVIEWED,NOT_REVIEWED,NOT_REVIEWED,NOT_REVIEWED,NONE_RECORDED,NOT_REVIEWED,NOT_ASSIGNED,NOT_RECORDED,NOT_RECORDED
ISO 9001:2026,8.3.3,PDF p.26 (printed p.16) §8.3.3 NR-02(b),OPER-05,NOT_REVIEWED,NOT_REVIEWED,NOT_RECORDED,NOT_REVIEWED,NOT_REVIEWED,NOT_REVIEWED,NOT_REVIEWED,NONE_RECORDED,NOT_REVIEWED,NOT_ASSIGNED,NOT_RECORDED,NOT_RECORDED
ISO 9001:2026,8.3.3,PDF p.26 (printed p.16) §8.3.3 NR-02(c),OPER-05,NOT_REVIEWED,NOT_REVIEWED,NOT_RECORDED,NOT_REVIEWED,NOT_REVIEWED,NOT_REVIEWED,NOT_REVIEWED,NONE_RECORDED,NOT_REVIEWED,NOT_ASSIGNED,NOT_RECORDED,NOT_RECORDED
ISO 9001:2026,8.3.3,PDF p.26 (printed p.16) §8.3.3 NR-02(d),OPER-05,NOT_REVIEWED,NOT_REVIEWED,NOT_RECORDED,NOT_REVIEWED,NOT_REVIEWED,NOT_REVIEWED,NOT_REVIEWED,NONE_RECORDED,NOT_REVIEWED,NOT_ASSIGNED,NOT_RECORDED,NOT_RECORDED
ISO 9001:2026,8.3.3,PDF p.26 (printed p.16) §8.3.3 NR-02(e),OPER-05,NOT_REVIEWED,NOT_REVIEWED,NOT_RECORDED,NOT_REVIEWED,NOT_REVIEWED,NOT_REVIEWED,NOT_REVIEWED,NONE_RECORDED,NOT_REVIEWED,NOT_ASSIGNED,NOT_RECORDED,NOT_RECORDED
ISO 9001:2026,8.3.3,PDF p.26 (printed p.16) §8.3.3 NR-03,OPER-05,NOT_REVIEWED,NOT_REVIEWED,NOT_RECORDED,NOT_REVIEWED,NOT_REVIEWED,NOT_REVIEWED,NOT_REVIEWED,NONE_RECORDED,NOT_REVIEWED,NOT_ASSIGNED,NOT_RECORDED,NOT_RECORDED
ISO 9001:2026,8.3.3,PDF p.26 (printed p.16) §8.3.3 NR-04,OPER-05,NOT_REVIEWED,NOT_REVIEWED,NOT_RECORDED,NOT_REVIEWED,NOT_REVIEWED,NOT_REVIEWED,NOT_REVIEWED,NONE_RECORDED,NOT_REVIEWED,NOT_ASSIGNED,NOT_RECORDED,NOT_RECORDED
ISO 9001:2026,8.3.3,PDF p.26 (printed p.16) §8.3.3 NR-05,OPER-05,NOT_REVIEWED,NOT_REVIEWED,NOT_RECORDED,NOT_REVIEWED,NOT_REVIEWED,NOT_REVIEWED,NOT_REVIEWED,NONE_RECORDED,NOT_REVIEWED,NOT_ASSIGNED,NOT_RECORDED,NOT_RECORDED
ISO 9001:2026,8.3.4,PDF p.26 (printed p.16) §8.3.4 NR-01(a),OPER-05,NOT_REVIEWED,NOT_REVIEWED,NOT_RECORDED,NOT_REVIEWED,NOT_REVIEWED,NOT_REVIEWED,NOT_REVIEWED,NONE_RECORDED,NOT_REVIEWED,NOT_ASSIGNED,NOT_RECORDED,NOT_RECORDED
ISO 9001:2026,8.3.4,PDF p.26 (printed p.16) §8.3.4 NR-01(b),OPER-05,NOT_REVIEWED,NOT_REVIEWED,NOT_RECORDED,NOT_REVIEWED,NOT_REVIEWED,NOT_REVIEWED,NOT_REVIEWED,NONE_RECORDED,NOT_REVIEWED,NOT_ASSIGNED,NOT_RECORDED,NOT_RECORDED
ISO 9001:2026,8.3.4,PDF p.26 (printed p.16) §8.3.4 NR-01(c),OPER-05,NOT_REVIEWED,NOT_REVIEWED,NOT_RECORDED,NOT_REVIEWED,NOT_REVIEWED,NOT_REVIEWED,NOT_REVIEWED,NONE_RECORDED,NOT_REVIEWED,NOT_ASSIGNED,NOT_RECORDED,NOT_RECORDED
ISO 9001:2026,8.3.4,PDF p.26 (printed p.16) §8.3.4 NR-01(d),OPER-05,NOT_REVIEWED,NOT_REVIEWED,NOT_RECORDED,NOT_REVIEWED,NOT_REVIEWED,NOT_REVIEWED,NOT_REVIEWED,NONE_RECORDED,NOT_REVIEWED,NOT_ASSIGNED,NOT_RECORDED,NOT_RECORDED
ISO 9001:2026,8.3.4,PDF p.26 (printed p.16) §8.3.4 NR-01(e),OPER-05,NOT_REVIEWED,NOT_REVIEWED,NOT_RECORDED,NOT_REVIEWED,NOT_REVIEWED,NOT_REVIEWED,NOT_REVIEWED,NONE_RECORDED,NOT_REVIEWED,NOT_ASSIGNED,NOT_RECORDED,NOT_RECORDED
ISO 9001:2026,8.3.4,PDF p.26 (printed p.16) §8.3.4 NR-01(f),OPER-05,NOT_REVIEWED,NOT_REVIEWED,NOT_RECORDED,NOT_REVIEWED,NOT_REVIEWED,NOT_REVIEWED,NOT_REVIEWED,NONE_RECORDED,NOT_REVIEWED,NOT_ASSIGNED,NOT_RECORDED,NOT_RECORDED
ISO 9001:2026,8.3.5,PDF p.26 (printed p.16) §8.3.5 NR-01(a),OPER-05,NOT_REVIEWED,NOT_REVIEWED,NOT_RECORDED,NOT_REVIEWED,NOT_REVIEWED,NOT_REVIEWED,NOT_REVIEWED,NONE_RECORDED,NOT_REVIEWED,NOT_ASSIGNED,NOT_RECORDED,NOT_RECORDED
ISO 9001:2026,8.3.5,PDF p.27 (printed p.17) §8.3.5 NR-01(b),OPER-05,NOT_REVIEWED,NOT_REVIEWED,NOT_RECORDED,NOT_REVIEWED,NOT_REVIEWED,NOT_REVIEWED,NOT_REVIEWED,NONE_RECORDED,NOT_REVIEWED,NOT_ASSIGNED,NOT_RECORDED,NOT_RECORDED
ISO 9001:2026,8.3.5,PDF p.27 (printed p.17) §8.3.5 NR-01(c),OPER-05,NOT_REVIEWED,NOT_REVIEWED,NOT_RECORDED,NOT_REVIEWED,NOT_REVIEWED,NOT_REVIEWED,NOT_REVIEWED,NONE_RECORDED,NOT_REVIEWED,NOT_ASSIGNED,NOT_RECORDED,NOT_RECORDED
ISO 9001:2026,8.3.5,PDF p.27 (printed p.17) §8.3.5 NR-01(d),OPER-05,NOT_REVIEWED,NOT_REVIEWED,NOT_RECORDED,NOT_REVIEWED,NOT_REVIEWED,NOT_REVIEWED,NOT_REVIEWED,NONE_RECORDED,NOT_REVIEWED,NOT_ASSIGNED,NOT_RECORDED,NOT_RECORDED
ISO 9001:2026,8.3.5,PDF p.27 (printed p.17) §8.3.5 NR-02,OPER-05,NOT_REVIEWED,NOT_REVIEWED,NOT_RECORDED,NOT_REVIEWED,NOT_REVIEWED,NOT_REVIEWED,NOT_REVIEWED,NONE_RECORDED,NOT_REVIEWED,NOT_ASSIGNED,NOT_RECORDED,NOT_RECORDED
ISO 9001:2026,8.3.6,PDF p.27 (printed p.17) §8.3.6 NR-01,OPER-06,NOT_REVIEWED,NOT_REVIEWED,NOT_RECORDED,NOT_REVIEWED,NOT_REVIEWED,NOT_REVIEWED,NOT_REVIEWED,NONE_RECORDED,NOT_REVIEWED,NOT_ASSIGNED,NOT_RECORDED,NOT_RECORDED
ISO 9001:2026,8.3.6,PDF p.27 (printed p.17) §8.3.6 NR-02(a),OPER-06,NOT_REVIEWED,NOT_REVIEWED,NOT_RECORDED,NOT_REVIEWED,NOT_REVIEWED,NOT_REVIEWED,NOT_REVIEWED,NONE_RECORDED,NOT_REVIEWED,NOT_ASSIGNED,NOT_RECORDED,NOT_RECORDED
ISO 9001:2026,8.3.6,PDF p.27 (printed p.17) §8.3.6 NR-02(b),OPER-06,NOT_REVIEWED,NOT_REVIEWED,NOT_RECORDED,NOT_REVIEWED,NOT_REVIEWED,NOT_REVIEWED,NOT_REVIEWED,NONE_RECORDED,NOT_REVIEWED,NOT_ASSIGNED,NOT_RECORDED,NOT_RECORDED
ISO 9001:2026,8.3.6,PDF p.27 (printed p.17) §8.3.6 NR-02(c),OPER-06,NOT_REVIEWED,NOT_REVIEWED,NOT_RECORDED,NOT_REVIEWED,NOT_REVIEWED,NOT_REVIEWED,NOT_REVIEWED,NONE_RECORDED,NOT_REVIEWED,NOT_ASSIGNED,NOT_RECORDED,NOT_RECORDED
ISO 9001:2026,8.3.6,PDF p.27 (printed p.17) §8.3.6 NR-02(d),OPER-06,NOT_REVIEWED,NOT_REVIEWED,NOT_RECORDED,NOT_REVIEWED,NOT_REVIEWED,NOT_REVIEWED,NOT_REVIEWED,NONE_RECORDED,NOT_REVIEWED,NOT_ASSIGNED,NOT_RECORDED,NOT_RECORDED
ISO 9001:2026,8.4.1,PDF p.27 (printed p.17) §8.4.1 NR-01,OPER-07,NOT_REVIEWED,NOT_REVIEWED,NOT_RECORDED,NOT_REVIEWED,NOT_REVIEWED,NOT_REVIEWED,NOT_REVIEWED,NONE_RECORDED,NOT_REVIEWED,NOT_ASSIGNED,NOT_RECORDED,NOT_RECORDED
ISO 9001:2026,8.4.1,PDF p.27 (printed p.17) §8.4.1 NR-02(a),OPER-07,NOT_REVIEWED,NOT_REVIEWED,NOT_RECORDED,NOT_REVIEWED,NOT_REVIEWED,NOT_REVIEWED,NOT_REVIEWED,NONE_RECORDED,NOT_REVIEWED,NOT_ASSIGNED,NOT_RECORDED,NOT_RECORDED
ISO 9001:2026,8.4.1,PDF p.27 (printed p.17) §8.4.1 NR-02(b),OPER-07,NOT_REVIEWED,NOT_REVIEWED,NOT_RECORDED,NOT_REVIEWED,NOT_REVIEWED,NOT_REVIEWED,NOT_REVIEWED,NONE_RECORDED,NOT_REVIEWED,NOT_ASSIGNED,NOT_RECORDED,NOT_RECORDED
ISO 9001:2026,8.4.1,PDF p.27 (printed p.17) §8.4.1 NR-02(c),OPER-07,NOT_REVIEWED,NOT_REVIEWED,NOT_RECORDED,NOT_REVIEWED,NOT_REVIEWED,NOT_REVIEWED,NOT_REVIEWED,NONE_RECORDED,NOT_REVIEWED,NOT_ASSIGNED,NOT_RECORDED,NOT_RECORDED
ISO 9001:2026,8.4.1,PDF p.27 (printed p.17) §8.4.1 NR-03,OPER-07,NOT_REVIEWED,NOT_REVIEWED,NOT_RECORDED,NOT_REVIEWED,NOT_REVIEWED,NOT_REVIEWED,NOT_REVIEWED,NONE_RECORDED,NOT_REVIEWED,NOT_ASSIGNED,NOT_RECORDED,NOT_RECORDED
ISO 9001:2026,8.4.1,PDF p.27 (printed p.17) §8.4.1 NR-04,OPER-07,NOT_REVIEWED,NOT_REVIEWED,NOT_RECORDED,NOT_REVIEWED,NOT_REVIEWED,NOT_REVIEWED,NOT_REVIEWED,NONE_RECORDED,NOT_REVIEWED,NOT_ASSIGNED,NOT_RECORDED,NOT_RECORDED
ISO 9001:2026,8.4.2,PDF p.27 (printed p.17) §8.4.2 NR-01,OPER-07,NOT_REVIEWED,NOT_REVIEWED,NOT_RECORDED,NOT_REVIEWED,NOT_REVIEWED,NOT_REVIEWED,NOT_REVIEWED,NONE_RECORDED,NOT_REVIEWED,NOT_ASSIGNED,NOT_RECORDED,NOT_RECORDED
ISO 9001:2026,8.4.2,PDF p.27 (printed p.17) §8.4.2 NR-02(a),OPER-07,NOT_REVIEWED,NOT_REVIEWED,NOT_RECORDED,NOT_REVIEWED,NOT_REVIEWED,NOT_REVIEWED,NOT_REVIEWED,NONE_RECORDED,NOT_REVIEWED,NOT_ASSIGNED,NOT_RECORDED,NOT_RECORDED
ISO 9001:2026,8.4.2,PDF p.27 (printed p.17) §8.4.2 NR-02(b),OPER-07,NOT_REVIEWED,NOT_REVIEWED,NOT_RECORDED,NOT_REVIEWED,NOT_REVIEWED,NOT_REVIEWED,NOT_REVIEWED,NONE_RECORDED,NOT_REVIEWED,NOT_ASSIGNED,NOT_RECORDED,NOT_RECORDED
ISO 9001:2026,8.4.2,PDF p.28 (printed p.18) §8.4.2 NR-02(c),OPER-07,NOT_REVIEWED,NOT_REVIEWED,NOT_RECORDED,NOT_REVIEWED,NOT_REVIEWED,NOT_REVIEWED,NOT_REVIEWED,NONE_RECORDED,NOT_REVIEWED,NOT_ASSIGNED,NOT_RECORDED,NOT_RECORDED
ISO 9001:2026,8.4.2,PDF p.28 (printed p.18) §8.4.2 NR-02(d),OPER-07,NOT_REVIEWED,NOT_REVIEWED,NOT_RECORDED,NOT_REVIEWED,NOT_REVIEWED,NOT_REVIEWED,NOT_REVIEWED,NONE_RECORDED,NOT_REVIEWED,NOT_ASSIGNED,NOT_RECORDED,NOT_RECORDED
ISO 9001:2026,8.4.3,PDF p.28 (printed p.18) §8.4.3 NR-01,OPER-07,NOT_REVIEWED,NOT_REVIEWED,NOT_RECORDED,NOT_REVIEWED,NOT_REVIEWED,NOT_REVIEWED,NOT_REVIEWED,NONE_RECORDED,NOT_REVIEWED,NOT_ASSIGNED,NOT_RECORDED,NOT_RECORDED
ISO 9001:2026,8.4.3,PDF p.28 (printed p.18) §8.4.3 NR-02(a),OPER-07,NOT_REVIEWED,NOT_REVIEWED,NOT_RECORDED,NOT_REVIEWED,NOT_REVIEWED,NOT_REVIEWED,NOT_REVIEWED,NONE_RECORDED,NOT_REVIEWED,NOT_ASSIGNED,NOT_RECORDED,NOT_RECORDED
ISO 9001:2026,8.4.3,PDF p.28 (printed p.18) §8.4.3 NR-02(b),OPER-07,NOT_REVIEWED,NOT_REVIEWED,NOT_RECORDED,NOT_REVIEWED,NOT_REVIEWED,NOT_REVIEWED,NOT_REVIEWED,NONE_RECORDED,NOT_REVIEWED,NOT_ASSIGNED,NOT_RECORDED,NOT_RECORDED
ISO 9001:2026,8.4.3,PDF p.28 (printed p.18) §8.4.3 NR-02(c),OPER-07,NOT_REVIEWED,NOT_REVIEWED,NOT_RECORDED,NOT_REVIEWED,NOT_REVIEWED,NOT_REVIEWED,NOT_REVIEWED,NONE_RECORDED,NOT_REVIEWED,NOT_ASSIGNED,NOT_RECORDED,NOT_RECORDED
ISO 9001:2026,8.4.3,PDF p.28 (printed p.18) §8.4.3 NR-02(d),OPER-07,NOT_REVIEWED,NOT_REVIEWED,NOT_RECORDED,NOT_REVIEWED,NOT_REVIEWED,NOT_REVIEWED,NOT_REVIEWED,NONE_RECORDED,NOT_REVIEWED,NOT_ASSIGNED,NOT_RECORDED,NOT_RECORDED
ISO 9001:2026,8.4.3,PDF p.28 (printed p.18) §8.4.3 NR-02(e),OPER-07,NOT_REVIEWED,NOT_REVIEWED,NOT_RECORDED,NOT_REVIEWED,NOT_REVIEWED,NOT_REVIEWED,NOT_REVIEWED,NONE_RECORDED,NOT_REVIEWED,NOT_ASSIGNED,NOT_RECORDED,NOT_RECORDED
ISO 9001:2026,8.4.3,PDF p.28 (printed p.18) §8.4.3 NR-02(f),OPER-07,NOT_REVIEWED,NOT_REVIEWED,NOT_RECORDED,NOT_REVIEWED,NOT_REVIEWED,NOT_REVIEWED,NOT_REVIEWED,NONE_RECORDED,NOT_REVIEWED,NOT_ASSIGNED,NOT_RECORDED,NOT_RECORDED
ISO 9001:2026,8.5.1,PDF p.28 (printed p.18) §8.5.1 NR-01,OPER-08,NOT_REVIEWED,NOT_REVIEWED,NOT_RECORDED,NOT_REVIEWED,NOT_REVIEWED,NOT_REVIEWED,NOT_REVIEWED,NONE_RECORDED,NOT_REVIEWED,NOT_ASSIGNED,NOT_RECORDED,NOT_RECORDED
ISO 9001:2026,8.5.1,PDF p.28 (printed p.18) §8.5.1 NR-02(a),OPER-08,NOT_REVIEWED,NOT_REVIEWED,NOT_RECORDED,NOT_REVIEWED,NOT_REVIEWED,NOT_REVIEWED,NOT_REVIEWED,NONE_RECORDED,NOT_REVIEWED,NOT_ASSIGNED,NOT_RECORDED,NOT_RECORDED
ISO 9001:2026,8.5.1,PDF p.28 (printed p.18) §8.5.1 NR-02(b),OPER-08,NOT_REVIEWED,NOT_REVIEWED,NOT_RECORDED,NOT_REVIEWED,NOT_REVIEWED,NOT_REVIEWED,NOT_REVIEWED,NONE_RECORDED,NOT_REVIEWED,NOT_ASSIGNED,NOT_RECORDED,NOT_RECORDED
ISO 9001:2026,8.5.1,PDF p.28 (printed p.18) §8.5.1 NR-02(c),OPER-08,NOT_REVIEWED,NOT_REVIEWED,NOT_RECORDED,NOT_REVIEWED,NOT_REVIEWED,NOT_REVIEWED,NOT_REVIEWED,NONE_RECORDED,NOT_REVIEWED,NOT_ASSIGNED,NOT_RECORDED,NOT_RECORDED
ISO 9001:2026,8.5.1,PDF p.28 (printed p.18) §8.5.1 NR-02(d),OPER-08,NOT_REVIEWED,NOT_REVIEWED,NOT_RECORDED,NOT_REVIEWED,NOT_REVIEWED,NOT_REVIEWED,NOT_REVIEWED,NONE_RECORDED,NOT_REVIEWED,NOT_ASSIGNED,NOT_RECORDED,NOT_RECORDED
ISO 9001:2026,8.5.1,PDF p.28 (printed p.18) §8.5.1 NR-02(e),OPER-08,NOT_REVIEWED,NOT_REVIEWED,NOT_RECORDED,NOT_REVIEWED,NOT_REVIEWED,NOT_REVIEWED,NOT_REVIEWED,NONE_RECORDED,NOT_REVIEWED,NOT_ASSIGNED,NOT_RECORDED,NOT_RECORDED
ISO 9001:2026,8.5.1,PDF p.29 (printed p.19) §8.5.1 NR-02(f),OPER-08,NOT_REVIEWED,NOT_REVIEWED,NOT_RECORDED,NOT_REVIEWED,NOT_REVIEWED,NOT_REVIEWED,NOT_REVIEWED,NONE_RECORDED,NOT_REVIEWED,NOT_ASSIGNED,NOT_RECORDED,NOT_RECORDED
ISO 9001:2026,8.5.1,PDF p.29 (printed p.19) §8.5.1 NR-02(g),OPER-08,NOT_REVIEWED,NOT_REVIEWED,NOT_RECORDED,NOT_REVIEWED,NOT_REVIEWED,NOT_REVIEWED,NOT_REVIEWED,NONE_RECORDED,NOT_REVIEWED,NOT_ASSIGNED,NOT_RECORDED,NOT_RECORDED
ISO 9001:2026,8.5.1,PDF p.29 (printed p.19) §8.5.1 NR-02(h),OPER-08,NOT_REVIEWED,NOT_REVIEWED,NOT_RECORDED,NOT_REVIEWED,NOT_REVIEWED,NOT_REVIEWED,NOT_REVIEWED,NONE_RECORDED,NOT_REVIEWED,NOT_ASSIGNED,NOT_RECORDED,NOT_RECORDED
ISO 9001:2026,8.5.2,PDF p.29 (printed p.19) §8.5.2 NR-01(a),OPER-09,NOT_REVIEWED,NOT_REVIEWED,NOT_RECORDED,NOT_REVIEWED,NOT_REVIEWED,NOT_REVIEWED,NOT_REVIEWED,NONE_RECORDED,NOT_REVIEWED,NOT_ASSIGNED,NOT_RECORDED,NOT_RECORDED
ISO 9001:2026,8.5.2,PDF p.29 (printed p.19) §8.5.2 NR-01(b),OPER-09,NOT_REVIEWED,NOT_REVIEWED,NOT_RECORDED,NOT_REVIEWED,NOT_REVIEWED,NOT_REVIEWED,NOT_REVIEWED,NONE_RECORDED,NOT_REVIEWED,NOT_ASSIGNED,NOT_RECORDED,NOT_RECORDED
ISO 9001:2026,8.5.2,PDF p.29 (printed p.19) §8.5.2 NR-01(c),OPER-09,NOT_REVIEWED,NOT_REVIEWED,NOT_RECORDED,NOT_REVIEWED,NOT_REVIEWED,NOT_REVIEWED,NOT_REVIEWED,NONE_RECORDED,NOT_REVIEWED,NOT_ASSIGNED,NOT_RECORDED,NOT_RECORDED
ISO 9001:2026,8.5.2,PDF p.29 (printed p.19) §8.5.2 NR-01(d),OPER-09,NOT_REVIEWED,NOT_REVIEWED,NOT_RECORDED,NOT_REVIEWED,NOT_REVIEWED,NOT_REVIEWED,NOT_REVIEWED,NONE_RECORDED,NOT_REVIEWED,NOT_ASSIGNED,NOT_RECORDED,NOT_RECORDED
ISO 9001:2026,8.5.3,PDF p.29 (printed p.19) §8.5.3 NR-01,OPER-09,NOT_REVIEWED,NOT_REVIEWED,NOT_RECORDED,NOT_REVIEWED,NOT_REVIEWED,NOT_REVIEWED,NOT_REVIEWED,NONE_RECORDED,NOT_REVIEWED,NOT_ASSIGNED,NOT_RECORDED,NOT_RECORDED
ISO 9001:2026,8.5.3,PDF p.29 (printed p.19) §8.5.3 NR-02,OPER-09,NOT_REVIEWED,NOT_REVIEWED,NOT_RECORDED,NOT_REVIEWED,NOT_REVIEWED,NOT_REVIEWED,NOT_REVIEWED,NONE_RECORDED,NOT_REVIEWED,NOT_ASSIGNED,NOT_RECORDED,NOT_RECORDED
ISO 9001:2026,8.5.3,PDF p.29 (printed p.19) §8.5.3 NR-03,OPER-09,NOT_REVIEWED,NOT_REVIEWED,NOT_RECORDED,NOT_REVIEWED,NOT_REVIEWED,NOT_REVIEWED,NOT_REVIEWED,NONE_RECORDED,NOT_REVIEWED,NOT_ASSIGNED,NOT_RECORDED,NOT_RECORDED
ISO 9001:2026,8.5.3,PDF p.29 (printed p.19) §8.5.3 NR-04,OPER-09,NOT_REVIEWED,NOT_REVIEWED,NOT_RECORDED,NOT_REVIEWED,NOT_REVIEWED,NOT_REVIEWED,NOT_REVIEWED,NONE_RECORDED,NOT_REVIEWED,NOT_ASSIGNED,NOT_RECORDED,NOT_RECORDED
ISO 9001:2026,8.5.4,PDF p.29 (printed p.19) §8.5.4 NR-01,OPER-10,NOT_REVIEWED,NOT_REVIEWED,NOT_RECORDED,NOT_REVIEWED,NOT_REVIEWED,NOT_REVIEWED,NOT_REVIEWED,NONE_RECORDED,NOT_REVIEWED,NOT_ASSIGNED,NOT_RECORDED,NOT_RECORDED
ISO 9001:2026,8.5.5,PDF p.29 (printed p.19) §8.5.5 NR-01,OPER-10,NOT_REVIEWED,NOT_REVIEWED,NOT_RECORDED,NOT_REVIEWED,NOT_REVIEWED,NOT_REVIEWED,NOT_REVIEWED,NONE_RECORDED,NOT_REVIEWED,NOT_ASSIGNED,NOT_RECORDED,NOT_RECORDED
ISO 9001:2026,8.5.5,PDF p.29 (printed p.19) §8.5.5 NR-02(a),OPER-10,NOT_REVIEWED,NOT_REVIEWED,NOT_RECORDED,NOT_REVIEWED,NOT_REVIEWED,NOT_REVIEWED,NOT_REVIEWED,NONE_RECORDED,NOT_REVIEWED,NOT_ASSIGNED,NOT_RECORDED,NOT_RECORDED
ISO 9001:2026,8.5.5,PDF p.29 (printed p.19) §8.5.5 NR-02(b),OPER-10,NOT_REVIEWED,NOT_REVIEWED,NOT_RECORDED,NOT_REVIEWED,NOT_REVIEWED,NOT_REVIEWED,NOT_REVIEWED,NONE_RECORDED,NOT_REVIEWED,NOT_ASSIGNED,NOT_RECORDED,NOT_RECORDED
ISO 9001:2026,8.5.5,PDF p.29 (printed p.19) §8.5.5 NR-02(c),OPER-10,NOT_REVIEWED,NOT_REVIEWED,NOT_RECORDED,NOT_REVIEWED,NOT_REVIEWED,NOT_REVIEWED,NOT_REVIEWED,NONE_RECORDED,NOT_REVIEWED,NOT_ASSIGNED,NOT_RECORDED,NOT_RECORDED
ISO 9001:2026,8.5.5,PDF p.29 (printed p.19) §8.5.5 NR-02(d),OPER-10,NOT_REVIEWED,NOT_REVIEWED,NOT_RECORDED,NOT_REVIEWED,NOT_REVIEWED,NOT_REVIEWED,NOT_REVIEWED,NONE_RECORDED,NOT_REVIEWED,NOT_ASSIGNED,NOT_RECORDED,NOT_RECORDED
ISO 9001:2026,8.5.5,PDF p.29 (printed p.19) §8.5.5 NR-02(e),OPER-10,NOT_REVIEWED,NOT_REVIEWED,NOT_RECORDED,NOT_REVIEWED,NOT_REVIEWED,NOT_REVIEWED,NOT_REVIEWED,NONE_RECORDED,NOT_REVIEWED,NOT_ASSIGNED,NOT_RECORDED,NOT_RECORDED
ISO 9001:2026,8.5.6,PDF p.30 (printed p.20) §8.5.6 NR-01,OPER-11,NOT_REVIEWED,NOT_REVIEWED,NOT_RECORDED,NOT_REVIEWED,NOT_REVIEWED,NOT_REVIEWED,NOT_REVIEWED,NONE_RECORDED,NOT_REVIEWED,NOT_ASSIGNED,NOT_RECORDED,NOT_RECORDED
ISO 9001:2026,8.5.6,PDF p.30 (printed p.20) §8.5.6 NR-02,OPER-11,NOT_REVIEWED,NOT_REVIEWED,NOT_RECORDED,NOT_REVIEWED,NOT_REVIEWED,NOT_REVIEWED,NOT_REVIEWED,NONE_RECORDED,NOT_REVIEWED,NOT_ASSIGNED,NOT_RECORDED,NOT_RECORDED
ISO 9001:2026,8.6,PDF p.30 (printed p.20) §8.6 NR-01,OPER-12,NOT_REVIEWED,NOT_REVIEWED,NOT_RECORDED,NOT_REVIEWED,NOT_REVIEWED,NOT_REVIEWED,NOT_REVIEWED,NONE_RECORDED,NOT_REVIEWED,NOT_ASSIGNED,NOT_RECORDED,NOT_RECORDED
ISO 9001:2026,8.6,PDF p.30 (printed p.20) §8.6 NR-02,OPER-12,NOT_REVIEWED,NOT_REVIEWED,NOT_RECORDED,NOT_REVIEWED,NOT_REVIEWED,NOT_REVIEWED,NOT_REVIEWED,NONE_RECORDED,NOT_REVIEWED,NOT_ASSIGNED,NOT_RECORDED,NOT_RECORDED
ISO 9001:2026,8.6,PDF p.30 (printed p.20) §8.6 NR-03,OPER-12,NOT_REVIEWED,NOT_REVIEWED,NOT_RECORDED,NOT_REVIEWED,NOT_REVIEWED,NOT_REVIEWED,NOT_REVIEWED,NONE_RECORDED,NOT_REVIEWED,NOT_ASSIGNED,NOT_RECORDED,NOT_RECORDED
ISO 9001:2026,8.6,PDF p.30 (printed p.20) §8.6 NR-04(a),OPER-12,NOT_REVIEWED,NOT_REVIEWED,NOT_RECORDED,NOT_REVIEWED,NOT_REVIEWED,NOT_REVIEWED,NOT_REVIEWED,NONE_RECORDED,NOT_REVIEWED,NOT_ASSIGNED,NOT_RECORDED,NOT_RECORDED
ISO 9001:2026,8.6,PDF p.30 (printed p.20) §8.6 NR-04(b),OPER-12,NOT_REVIEWED,NOT_REVIEWED,NOT_RECORDED,NOT_REVIEWED,NOT_REVIEWED,NOT_REVIEWED,NOT_REVIEWED,NONE_RECORDED,NOT_REVIEWED,NOT_ASSIGNED,NOT_RECORDED,NOT_RECORDED
ISO 9001:2026,9.1.1,PDF p.31 (printed p.21) §9.1.1 NR-01(a),EVAL-01,NOT_REVIEWED,NOT_REVIEWED,NOT_RECORDED,NOT_REVIEWED,NOT_REVIEWED,NOT_REVIEWED,NOT_REVIEWED,NONE_RECORDED,NOT_REVIEWED,NOT_ASSIGNED,NOT_RECORDED,NOT_RECORDED
ISO 9001:2026,9.1.1,PDF p.31 (printed p.21) §9.1.1 NR-01(b),EVAL-01,NOT_REVIEWED,NOT_REVIEWED,NOT_RECORDED,NOT_REVIEWED,NOT_REVIEWED,NOT_REVIEWED,NOT_REVIEWED,NONE_RECORDED,NOT_REVIEWED,NOT_ASSIGNED,NOT_RECORDED,NOT_RECORDED
ISO 9001:2026,9.1.1,PDF p.31 (printed p.21) §9.1.1 NR-01(c),EVAL-01,NOT_REVIEWED,NOT_REVIEWED,NOT_RECORDED,NOT_REVIEWED,NOT_REVIEWED,NOT_REVIEWED,NOT_REVIEWED,NONE_RECORDED,NOT_REVIEWED,NOT_ASSIGNED,NOT_RECORDED,NOT_RECORDED
ISO 9001:2026,9.1.1,PDF p.31 (printed p.21) §9.1.1 NR-02(d),EVAL-01,NOT_REVIEWED,NOT_REVIEWED,NOT_RECORDED,NOT_REVIEWED,NOT_REVIEWED,NOT_REVIEWED,NOT_REVIEWED,NONE_RECORDED,NOT_REVIEWED,NOT_ASSIGNED,NOT_RECORDED,NOT_RECORDED
ISO 9001:2026,9.1.1,PDF p.31 (printed p.21) §9.1.1 NR-03,EVAL-01,NOT_REVIEWED,NOT_REVIEWED,NOT_RECORDED,NOT_REVIEWED,NOT_REVIEWED,NOT_REVIEWED,NOT_REVIEWED,NONE_RECORDED,NOT_REVIEWED,NOT_ASSIGNED,NOT_RECORDED,NOT_RECORDED
ISO 9001:2026,9.1.1,PDF p.31 (printed p.21) §9.1.1 NR-04,EVAL-01,NOT_REVIEWED,NOT_REVIEWED,NOT_RECORDED,NOT_REVIEWED,NOT_REVIEWED,NOT_REVIEWED,NOT_REVIEWED,NONE_RECORDED,NOT_REVIEWED,NOT_ASSIGNED,NOT_RECORDED,NOT_RECORDED
ISO 9001:2026,9.1.1,PDF p.31 (printed p.21) §9.1.1 NR-05,EVAL-01,NOT_REVIEWED,NOT_REVIEWED,NOT_RECORDED,NOT_REVIEWED,NOT_REVIEWED,NOT_REVIEWED,NOT_REVIEWED,NONE_RECORDED,NOT_REVIEWED,NOT_ASSIGNED,NOT_RECORDED,NOT_RECORDED
ISO 9001:2026,9.1.2,PDF p.31 (printed p.21) §9.1.2 NR-01,EVAL-01,NOT_REVIEWED,NOT_REVIEWED,NOT_RECORDED,NOT_REVIEWED,NOT_REVIEWED,NOT_REVIEWED,NOT_REVIEWED,NONE_RECORDED,NOT_REVIEWED,NOT_ASSIGNED,NOT_RECORDED,NOT_RECORDED
ISO 9001:2026,9.1.2,PDF p.31 (printed p.21) §9.1.2 NR-02,EVAL-01,NOT_REVIEWED,NOT_REVIEWED,NOT_RECORDED,NOT_REVIEWED,NOT_REVIEWED,NOT_REVIEWED,NOT_REVIEWED,NONE_RECORDED,NOT_REVIEWED,NOT_ASSIGNED,NOT_RECORDED,NOT_RECORDED
ISO 9001:2026,9.1.3,PDF p.31 (printed p.21) §9.1.3 NR-01,EVAL-01,NOT_REVIEWED,NOT_REVIEWED,NOT_RECORDED,NOT_REVIEWED,NOT_REVIEWED,NOT_REVIEWED,NOT_REVIEWED,NONE_RECORDED,NOT_REVIEWED,NOT_ASSIGNED,NOT_RECORDED,NOT_RECORDED
ISO 9001:2026,9.1.3,PDF p.31 (printed p.21) §9.1.3 NR-02(a),EVAL-01,NOT_REVIEWED,NOT_REVIEWED,NOT_RECORDED,NOT_REVIEWED,NOT_REVIEWED,NOT_REVIEWED,NOT_REVIEWED,NONE_RECORDED,NOT_REVIEWED,NOT_ASSIGNED,NOT_RECORDED,NOT_RECORDED
ISO 9001:2026,9.1.3,PDF p.31 (printed p.21) §9.1.3 NR-02(b),EVAL-01,NOT_REVIEWED,NOT_REVIEWED,NOT_RECORDED,NOT_REVIEWED,NOT_REVIEWED,NOT_REVIEWED,NOT_REVIEWED,NONE_RECORDED,NOT_REVIEWED,NOT_ASSIGNED,NOT_RECORDED,NOT_RECORDED
ISO 9001:2026,9.1.3,PDF p.31 (printed p.21) §9.1.3 NR-02(c),EVAL-01,NOT_REVIEWED,NOT_REVIEWED,NOT_RECORDED,NOT_REVIEWED,NOT_REVIEWED,NOT_REVIEWED,NOT_REVIEWED,NONE_RECORDED,NOT_REVIEWED,NOT_ASSIGNED,NOT_RECORDED,NOT_RECORDED
ISO 9001:2026,9.1.3,PDF p.31 (printed p.21) §9.1.3 NR-02(d),EVAL-01,NOT_REVIEWED,NOT_REVIEWED,NOT_RECORDED,NOT_REVIEWED,NOT_REVIEWED,NOT_REVIEWED,NOT_REVIEWED,NONE_RECORDED,NOT_REVIEWED,NOT_ASSIGNED,NOT_RECORDED,NOT_RECORDED
ISO 9001:2026,9.1.3,PDF p.31 (printed p.21) §9.1.3 NR-02(e),EVAL-01,NOT_REVIEWED,NOT_REVIEWED,NOT_RECORDED,NOT_REVIEWED,NOT_REVIEWED,NOT_REVIEWED,NOT_REVIEWED,NONE_RECORDED,NOT_REVIEWED,NOT_ASSIGNED,NOT_RECORDED,NOT_RECORDED
ISO 9001:2026,9.1.3,PDF p.31 (printed p.21) §9.1.3 NR-02(f),EVAL-01,NOT_REVIEWED,NOT_REVIEWED,NOT_RECORDED,NOT_REVIEWED,NOT_REVIEWED,NOT_REVIEWED,NOT_REVIEWED,NONE_RECORDED,NOT_REVIEWED,NOT_ASSIGNED,NOT_RECORDED,NOT_RECORDED
ISO 9001:2026,9.1.3,PDF p.31 (printed p.21) §9.1.3 NR-02(g),EVAL-01,NOT_REVIEWED,NOT_REVIEWED,NOT_RECORDED,NOT_REVIEWED,NOT_REVIEWED,NOT_REVIEWED,NOT_REVIEWED,NONE_RECORDED,NOT_REVIEWED,NOT_ASSIGNED,NOT_RECORDED,NOT_RECORDED
ISO 9001:2026,9.1.3,PDF p.31 (printed p.21) §9.1.3 NR-02(h),EVAL-01,NOT_REVIEWED,NOT_REVIEWED,NOT_RECORDED,NOT_REVIEWED,NOT_REVIEWED,NOT_REVIEWED,NOT_REVIEWED,NONE_RECORDED,NOT_REVIEWED,NOT_ASSIGNED,NOT_RECORDED,NOT_RECORDED
ISO 9001:2026,9.2.1,PDF p.32 (printed p.22) §9.2.1 NR-01(a),EVAL-02,NOT_REVIEWED,NOT_REVIEWED,NOT_RECORDED,NOT_REVIEWED,NOT_REVIEWED,NOT_REVIEWED,NOT_REVIEWED,NONE_RECORDED,NOT_REVIEWED,NOT_ASSIGNED,NOT_RECORDED,NOT_RECORDED
ISO 9001:2026,9.2.1,PDF p.32 (printed p.22) §9.2.1 NR-01(b),EVAL-02,NOT_REVIEWED,NOT_REVIEWED,NOT_RECORDED,NOT_REVIEWED,NOT_REVIEWED,NOT_REVIEWED,NOT_REVIEWED,NONE_RECORDED,NOT_REVIEWED,NOT_ASSIGNED,NOT_RECORDED,NOT_RECORDED
ISO 9001:2026,9.2.2,PDF p.32 (printed p.22) §9.2.2 NR-01,EVAL-02,NOT_REVIEWED,NOT_REVIEWED,NOT_RECORDED,NOT_REVIEWED,NOT_REVIEWED,NOT_REVIEWED,NOT_REVIEWED,NONE_RECORDED,NOT_REVIEWED,NOT_ASSIGNED,NOT_RECORDED,NOT_RECORDED
ISO 9001:2026,9.2.2,PDF p.32 (printed p.22) §9.2.2 NR-02,EVAL-02,NOT_REVIEWED,NOT_REVIEWED,NOT_RECORDED,NOT_REVIEWED,NOT_REVIEWED,NOT_REVIEWED,NOT_REVIEWED,NONE_RECORDED,NOT_REVIEWED,NOT_ASSIGNED,NOT_RECORDED,NOT_RECORDED
ISO 9001:2026,9.2.2,PDF p.32 (printed p.22) §9.2.2 NR-03(a),EVAL-02,NOT_REVIEWED,NOT_REVIEWED,NOT_RECORDED,NOT_REVIEWED,NOT_REVIEWED,NOT_REVIEWED,NOT_REVIEWED,NONE_RECORDED,NOT_REVIEWED,NOT_ASSIGNED,NOT_RECORDED,NOT_RECORDED
ISO 9001:2026,9.2.2,PDF p.32 (printed p.22) §9.2.2 NR-03(b),EVAL-02,NOT_REVIEWED,NOT_REVIEWED,NOT_RECORDED,NOT_REVIEWED,NOT_REVIEWED,NOT_REVIEWED,NOT_REVIEWED,NONE_RECORDED,NOT_REVIEWED,NOT_ASSIGNED,NOT_RECORDED,NOT_RECORDED
ISO 9001:2026,9.2.2,PDF p.32 (printed p.22) §9.2.2 NR-03(c),EVAL-02,NOT_REVIEWED,NOT_REVIEWED,NOT_RECORDED,NOT_REVIEWED,NOT_REVIEWED,NOT_REVIEWED,NOT_REVIEWED,NONE_RECORDED,NOT_REVIEWED,NOT_ASSIGNED,NOT_RECORDED,NOT_RECORDED
ISO 9001:2026,9.2.2,PDF p.32 (printed p.22) §9.2.2 NR-03(d),EVAL-02,NOT_REVIEWED,NOT_REVIEWED,NOT_RECORDED,NOT_REVIEWED,NOT_REVIEWED,NOT_REVIEWED,NOT_REVIEWED,NONE_RECORDED,NOT_REVIEWED,NOT_ASSIGNED,NOT_RECORDED,NOT_RECORDED
ISO 9001:2026,9.2.2,PDF p.32 (printed p.22) §9.2.2 NR-04,EVAL-02,NOT_REVIEWED,NOT_REVIEWED,NOT_RECORDED,NOT_REVIEWED,NOT_REVIEWED,NOT_REVIEWED,NOT_REVIEWED,NONE_RECORDED,NOT_REVIEWED,NOT_ASSIGNED,NOT_RECORDED,NOT_RECORDED
ISO 9001:2026,10.1,PDF p.33 (printed p.23) §10.1 NR-01,IMPR-01,NOT_REVIEWED,NOT_REVIEWED,NOT_RECORDED,NOT_REVIEWED,NOT_REVIEWED,NOT_REVIEWED,NOT_REVIEWED,NONE_RECORDED,NOT_REVIEWED,NOT_ASSIGNED,NOT_RECORDED,NOT_RECORDED
ISO 9001:2026,10.1,PDF p.33 (printed p.23) §10.1 NR-02,IMPR-01,NOT_REVIEWED,NOT_REVIEWED,NOT_RECORDED,NOT_REVIEWED,NOT_REVIEWED,NOT_REVIEWED,NOT_REVIEWED,NONE_RECORDED,NOT_REVIEWED,NOT_ASSIGNED,NOT_RECORDED,NOT_RECORDED
ISO 9001:2026,10.1,PDF p.33 (printed p.23) §10.1 NR-03,IMPR-01,NOT_REVIEWED,NOT_REVIEWED,NOT_RECORDED,NOT_REVIEWED,NOT_REVIEWED,NOT_REVIEWED,NOT_REVIEWED,NONE_RECORDED,NOT_REVIEWED,NOT_ASSIGNED,NOT_RECORDED,NOT_RECORDED
ISO 9001:2026,10.1,PDF p.33 (printed p.23) §10.1 NR-04(a),IMPR-01,NOT_REVIEWED,NOT_REVIEWED,NOT_RECORDED,NOT_REVIEWED,NOT_REVIEWED,NOT_REVIEWED,NOT_REVIEWED,NONE_RECORDED,NOT_REVIEWED,NOT_ASSIGNED,NOT_RECORDED,NOT_RECORDED
ISO 9001:2026,10.1,PDF p.33 (printed p.23) §10.1 NR-04(b),IMPR-01,NOT_REVIEWED,NOT_REVIEWED,NOT_RECORDED,NOT_REVIEWED,NOT_REVIEWED,NOT_REVIEWED,NOT_REVIEWED,NONE_RECORDED,NOT_REVIEWED,NOT_ASSIGNED,NOT_RECORDED,NOT_RECORDED
ISO 9001:2026,10.1,PDF p.33 (printed p.23) §10.1 NR-04(c),IMPR-01,NOT_REVIEWED,NOT_REVIEWED,NOT_RECORDED,NOT_REVIEWED,NOT_REVIEWED,NOT_REVIEWED,NOT_REVIEWED,NONE_RECORDED,NOT_REVIEWED,NOT_ASSIGNED,NOT_RECORDED,NOT_RECORDED
