edition,draft_reference_id,draft_control_links,licensed_source_locator,traceability_result,applicability_decision,applicability_rationale,control_sufficiency,evidence_sufficiency,acceptance_criteria_sufficiency,dependency_or_interaction_review,finding_id,finding_disposition,reviewer,review_date,controlled_record_reference
ISO 9001:2026,4.1,CTX-01,p.5 §4.1,NOT_REVIEWED,NOT_REVIEWED,NOT_RECORDED,NOT_REVIEWED,NOT_REVIEWED,NOT_REVIEWED,NOT_REVIEWED,NONE_RECORDED,NOT_REVIEWED,NOT_ASSIGNED,NOT_RECORDED,NOT_RECORDED
ISO 9001:2026,4.2,CTX-02,p.5 §4.2,NOT_REVIEWED,NOT_REVIEWED,NOT_RECORDED,NOT_REVIEWED,NOT_REVIEWED,NOT_REVIEWED,NOT_REVIEWED,NONE_RECORDED,NOT_REVIEWED,NOT_ASSIGNED,NOT_RECORDED,NOT_RECORDED
ISO 9001:2026,4.3,CTX-03,p.6 §4.3,NOT_REVIEWED,NOT_REVIEWED,NOT_RECORDED,NOT_REVIEWED,NOT_REVIEWED,NOT_REVIEWED,NOT_REVIEWED,NONE_RECORDED,NOT_REVIEWED,NOT_ASSIGNED,NOT_RECORDED,NOT_RECORDED
ISO 9001:2026,4.4,CTX-04,p.6 §4.4,NOT_REVIEWED,NOT_REVIEWED,NOT_RECORDED,NOT_REVIEWED,NOT_REVIEWED,NOT_REVIEWED,NOT_REVIEWED,NONE_RECORDED,NOT_REVIEWED,NOT_ASSIGNED,NOT_RECORDED,NOT_RECORDED
ISO 9001:2026,5.1,LEAD-01,p.7 §5.1,NOT_REVIEWED,NOT_REVIEWED,NOT_RECORDED,NOT_REVIEWED,NOT_REVIEWED,NOT_REVIEWED,NOT_REVIEWED,NONE_RECORDED,NOT_REVIEWED,NOT_ASSIGNED,NOT_RECORDED,NOT_RECORDED
ISO 9001:2026,5.1.1,LEAD-01,p.7 §5.1.1,NOT_REVIEWED,NOT_REVIEWED,NOT_RECORDED,NOT_REVIEWED,NOT_REVIEWED,NOT_REVIEWED,NOT_REVIEWED,NONE_RECORDED,NOT_REVIEWED,NOT_ASSIGNED,NOT_RECORDED,NOT_RECORDED
ISO 9001:2026,5.1.2,LEAD-02,p.7 §5.1.2,NOT_REVIEWED,NOT_REVIEWED,NOT_RECORDED,NOT_REVIEWED,NOT_REVIEWED,NOT_REVIEWED,NOT_REVIEWED,NONE_RECORDED,NOT_REVIEWED,NOT_ASSIGNED,NOT_RECORDED,NOT_RECORDED
ISO 9001:2026,5.2,LEAD-03,p.8 §5.2,NOT_REVIEWED,NOT_REVIEWED,NOT_RECORDED,NOT_REVIEWED,NOT_REVIEWED,NOT_REVIEWED,NOT_REVIEWED,NONE_RECORDED,NOT_REVIEWED,NOT_ASSIGNED,NOT_RECORDED,NOT_RECORDED
ISO 9001:2026,5.3,LEAD-04,p.8 §5.3,NOT_REVIEWED,NOT_REVIEWED,NOT_RECORDED,NOT_REVIEWED,NOT_REVIEWED,NOT_REVIEWED,NOT_REVIEWED,NONE_RECORDED,NOT_REVIEWED,NOT_ASSIGNED,NOT_RECORDED,NOT_RECORDED
ISO 9001:2026,6.1,PLAN-01,p.8 §6.1,NOT_REVIEWED,NOT_REVIEWED,NOT_RECORDED,NOT_REVIEWED,NOT_REVIEWED,NOT_REVIEWED,NOT_REVIEWED,NONE_RECORDED,NOT_REVIEWED,NOT_ASSIGNED,NOT_RECORDED,NOT_RECORDED
ISO 9001:2026,6.1.1,PLAN-01,p.8 §6.1.1,NOT_REVIEWED,NOT_REVIEWED,NOT_RECORDED,NOT_REVIEWED,NOT_REVIEWED,NOT_REVIEWED,NOT_REVIEWED,NONE_RECORDED,NOT_REVIEWED,NOT_ASSIGNED,NOT_RECORDED,NOT_RECORDED
ISO 9001:2026,6.1.2,PLAN-01,p.9 §6.1.2,NOT_REVIEWED,NOT_REVIEWED,NOT_RECORDED,NOT_REVIEWED,NOT_REVIEWED,NOT_REVIEWED,NOT_REVIEWED,NONE_RECORDED,NOT_REVIEWED,NOT_ASSIGNED,NOT_RECORDED,NOT_RECORDED
ISO 9001:2026,6.1.3,PLAN-02,p.9 §6.1.3,NOT_REVIEWED,NOT_REVIEWED,NOT_RECORDED,NOT_REVIEWED,NOT_REVIEWED,NOT_REVIEWED,NOT_REVIEWED,NONE_RECORDED,NOT_REVIEWED,NOT_ASSIGNED,NOT_RECORDED,NOT_RECORDED
ISO 9001:2026,6.2,PLAN-03,p.9 §6.2,NOT_REVIEWED,NOT_REVIEWED,NOT_RECORDED,NOT_REVIEWED,NOT_REVIEWED,NOT_REVIEWED,NOT_REVIEWED,NONE_RECORDED,NOT_REVIEWED,NOT_ASSIGNED,NOT_RECORDED,NOT_RECORDED
ISO 9001:2026,6.3,PLAN-04,p.10 §6.3,NOT_REVIEWED,NOT_REVIEWED,NOT_RECORDED,NOT_REVIEWED,NOT_REVIEWED,NOT_REVIEWED,NOT_REVIEWED,NONE_RECORDED,NOT_REVIEWED,NOT_ASSIGNED,NOT_RECORDED,NOT_RECORDED
ISO 9001:2026,7.1,SUP-01,p.10 §7.1,NOT_REVIEWED,NOT_REVIEWED,NOT_RECORDED,NOT_REVIEWED,NOT_REVIEWED,NOT_REVIEWED,NOT_REVIEWED,NONE_RECORDED,NOT_REVIEWED,NOT_ASSIGNED,NOT_RECORDED,NOT_RECORDED
ISO 9001:2026,7.1.1,SUP-01,p.10 §7.1.1,NOT_REVIEWED,NOT_REVIEWED,NOT_RECORDED,NOT_REVIEWED,NOT_REVIEWED,NOT_REVIEWED,NOT_REVIEWED,NONE_RECORDED,NOT_REVIEWED,NOT_ASSIGNED,NOT_RECORDED,NOT_RECORDED
ISO 9001:2026,7.1.2,SUP-02,p.10 §7.1.2,NOT_REVIEWED,NOT_REVIEWED,NOT_RECORDED,NOT_REVIEWED,NOT_REVIEWED,NOT_REVIEWED,NOT_REVIEWED,NONE_RECORDED,NOT_REVIEWED,NOT_ASSIGNED,NOT_RECORDED,NOT_RECORDED
ISO 9001:2026,7.1.3,SUP-03,p.11 §7.1.3,NOT_REVIEWED,NOT_REVIEWED,NOT_RECORDED,NOT_REVIEWED,NOT_REVIEWED,NOT_REVIEWED,NOT_REVIEWED,NONE_RECORDED,NOT_REVIEWED,NOT_ASSIGNED,NOT_RECORDED,NOT_RECORDED
ISO 9001:2026,7.1.4,SUP-03,p.11 §7.1.4,NOT_REVIEWED,NOT_REVIEWED,NOT_RECORDED,NOT_REVIEWED,NOT_REVIEWED,NOT_REVIEWED,NOT_REVIEWED,NONE_RECORDED,NOT_REVIEWED,NOT_ASSIGNED,NOT_RECORDED,NOT_RECORDED
ISO 9001:2026,7.1.5,SUP-04,p.11 §7.1.5,NOT_REVIEWED,NOT_REVIEWED,NOT_RECORDED,NOT_REVIEWED,NOT_REVIEWED,NOT_REVIEWED,NOT_REVIEWED,NONE_RECORDED,NOT_REVIEWED,NOT_ASSIGNED,NOT_RECORDED,NOT_RECORDED
ISO 9001:2026,7.1.6,SUP-05,p.12 §7.1.6,NOT_REVIEWED,NOT_REVIEWED,NOT_RECORDED,NOT_REVIEWED,NOT_REVIEWED,NOT_REVIEWED,NOT_REVIEWED,NONE_RECORDED,NOT_REVIEWED,NOT_ASSIGNED,NOT_RECORDED,NOT_RECORDED
ISO 9001:2026,7.2,SUP-02,p.12 §7.2,NOT_REVIEWED,NOT_REVIEWED,NOT_RECORDED,NOT_REVIEWED,NOT_REVIEWED,NOT_REVIEWED,NOT_REVIEWED,NONE_RECORDED,NOT_REVIEWED,NOT_ASSIGNED,NOT_RECORDED,NOT_RECORDED
ISO 9001:2026,7.3,SUP-06,p.12 §7.3,NOT_REVIEWED,NOT_REVIEWED,NOT_RECORDED,NOT_REVIEWED,NOT_REVIEWED,NOT_REVIEWED,NOT_REVIEWED,NONE_RECORDED,NOT_REVIEWED,NOT_ASSIGNED,NOT_RECORDED,NOT_RECORDED
ISO 9001:2026,7.4,SUP-07,p.12 §7.4,NOT_REVIEWED,NOT_REVIEWED,NOT_RECORDED,NOT_REVIEWED,NOT_REVIEWED,NOT_REVIEWED,NOT_REVIEWED,NONE_RECORDED,NOT_REVIEWED,NOT_ASSIGNED,NOT_RECORDED,NOT_RECORDED
ISO 9001:2026,7.5,SUP-08,p.13 §7.5,NOT_REVIEWED,NOT_REVIEWED,NOT_RECORDED,NOT_REVIEWED,NOT_REVIEWED,NOT_REVIEWED,NOT_REVIEWED,NONE_RECORDED,NOT_REVIEWED,NOT_ASSIGNED,NOT_RECORDED,NOT_RECORDED
ISO 9001:2026,7.5.1,SUP-08,p.13 §7.5.1,NOT_REVIEWED,NOT_REVIEWED,NOT_RECORDED,NOT_REVIEWED,NOT_REVIEWED,NOT_REVIEWED,NOT_REVIEWED,NONE_RECORDED,NOT_REVIEWED,NOT_ASSIGNED,NOT_RECORDED,NOT_RECORDED
ISO 9001:2026,7.5.2,SUP-08,p.13 §7.5.2,NOT_REVIEWED,NOT_REVIEWED,NOT_RECORDED,NOT_REVIEWED,NOT_REVIEWED,NOT_REVIEWED,NOT_REVIEWED,NONE_RECORDED,NOT_REVIEWED,NOT_ASSIGNED,NOT_RECORDED,NOT_RECORDED
ISO 9001:2026,7.5.3,SUP-08,p.13 §7.5.3,NOT_REVIEWED,NOT_REVIEWED,NOT_RECORDED,NOT_REVIEWED,NOT_REVIEWED,NOT_REVIEWED,NOT_REVIEWED,NONE_RECORDED,NOT_REVIEWED,NOT_ASSIGNED,NOT_RECORDED,NOT_RECORDED
ISO 9001:2026,8.1,OPER-01,p.14 §8.1,NOT_REVIEWED,NOT_REVIEWED,NOT_RECORDED,NOT_REVIEWED,NOT_REVIEWED,NOT_REVIEWED,NOT_REVIEWED,NONE_RECORDED,NOT_REVIEWED,NOT_ASSIGNED,NOT_RECORDED,NOT_RECORDED
ISO 9001:2026,8.2,OPER-02,p.14 §8.2,NOT_REVIEWED,NOT_REVIEWED,NOT_RECORDED,NOT_REVIEWED,NOT_REVIEWED,NOT_REVIEWED,NOT_REVIEWED,NONE_RECORDED,NOT_REVIEWED,NOT_ASSIGNED,NOT_RECORDED,NOT_RECORDED
ISO 9001:2026,8.2.1,OPER-02,p.14 §8.2.1,NOT_REVIEWED,NOT_REVIEWED,NOT_RECORDED,NOT_REVIEWED,NOT_REVIEWED,NOT_REVIEWED,NOT_REVIEWED,NONE_RECORDED,NOT_REVIEWED,NOT_ASSIGNED,NOT_RECORDED,NOT_RECORDED
ISO 9001:2026,8.2.2,OPER-03,p.14 §8.2.2,NOT_REVIEWED,NOT_REVIEWED,NOT_RECORDED,NOT_REVIEWED,NOT_REVIEWED,NOT_REVIEWED,NOT_REVIEWED,NONE_RECORDED,NOT_REVIEWED,NOT_ASSIGNED,NOT_RECORDED,NOT_RECORDED
ISO 9001:2026,8.2.3,OPER-03,p.15 §8.2.3,NOT_REVIEWED,NOT_REVIEWED,NOT_RECORDED,NOT_REVIEWED,NOT_REVIEWED,NOT_REVIEWED,NOT_REVIEWED,NONE_RECORDED,NOT_REVIEWED,NOT_ASSIGNED,NOT_RECORDED,NOT_RECORDED
ISO 9001:2026,8.2.4,OPER-03,p.15 §8.2.4,NOT_REVIEWED,NOT_REVIEWED,NOT_RECORDED,NOT_REVIEWED,NOT_REVIEWED,NOT_REVIEWED,NOT_REVIEWED,NONE_RECORDED,NOT_REVIEWED,NOT_ASSIGNED,NOT_RECORDED,NOT_RECORDED
ISO 9001:2026,8.3,OPER-04,p.15 §8.3,NOT_REVIEWED,NOT_REVIEWED,NOT_RECORDED,NOT_REVIEWED,NOT_REVIEWED,NOT_REVIEWED,NOT_REVIEWED,NONE_RECORDED,NOT_REVIEWED,NOT_ASSIGNED,NOT_RECORDED,NOT_RECORDED
ISO 9001:2026,8.3.1,OPER-04,p.15 §8.3.1,NOT_REVIEWED,NOT_REVIEWED,NOT_RECORDED,NOT_REVIEWED,NOT_REVIEWED,NOT_REVIEWED,NOT_REVIEWED,NONE_RECORDED,NOT_REVIEWED,NOT_ASSIGNED,NOT_RECORDED,NOT_RECORDED
ISO 9001:2026,8.3.2,OPER-04,p.15 §8.3.2,NOT_REVIEWED,NOT_REVIEWED,NOT_RECORDED,NOT_REVIEWED,NOT_REVIEWED,NOT_REVIEWED,NOT_REVIEWED,NONE_RECORDED,NOT_REVIEWED,NOT_ASSIGNED,NOT_RECORDED,NOT_RECORDED
ISO 9001:2026,8.3.3,OPER-05,p.16 §8.3.3,NOT_REVIEWED,NOT_REVIEWED,NOT_RECORDED,NOT_REVIEWED,NOT_REVIEWED,NOT_REVIEWED,NOT_REVIEWED,NONE_RECORDED,NOT_REVIEWED,NOT_ASSIGNED,NOT_RECORDED,NOT_RECORDED
ISO 9001:2026,8.3.4,OPER-05,p.16 §8.3.4,NOT_REVIEWED,NOT_REVIEWED,NOT_RECORDED,NOT_REVIEWED,NOT_REVIEWED,NOT_REVIEWED,NOT_REVIEWED,NONE_RECORDED,NOT_REVIEWED,NOT_ASSIGNED,NOT_RECORDED,NOT_RECORDED
ISO 9001:2026,8.3.5,OPER-05,p.16 §8.3.5,NOT_REVIEWED,NOT_REVIEWED,NOT_RECORDED,NOT_REVIEWED,NOT_REVIEWED,NOT_REVIEWED,NOT_REVIEWED,NONE_RECORDED,NOT_REVIEWED,NOT_ASSIGNED,NOT_RECORDED,NOT_RECORDED
ISO 9001:2026,8.3.6,OPER-06,p.17 §8.3.6,NOT_REVIEWED,NOT_REVIEWED,NOT_RECORDED,NOT_REVIEWED,NOT_REVIEWED,NOT_REVIEWED,NOT_REVIEWED,NONE_RECORDED,NOT_REVIEWED,NOT_ASSIGNED,NOT_RECORDED,NOT_RECORDED
ISO 9001:2026,8.4,OPER-07,p.17 §8.4,NOT_REVIEWED,NOT_REVIEWED,NOT_RECORDED,NOT_REVIEWED,NOT_REVIEWED,NOT_REVIEWED,NOT_REVIEWED,NONE_RECORDED,NOT_REVIEWED,NOT_ASSIGNED,NOT_RECORDED,NOT_RECORDED
ISO 9001:2026,8.4.1,OPER-07,p.17 §8.4.1,NOT_REVIEWED,NOT_REVIEWED,NOT_RECORDED,NOT_REVIEWED,NOT_REVIEWED,NOT_REVIEWED,NOT_REVIEWED,NONE_RECORDED,NOT_REVIEWED,NOT_ASSIGNED,NOT_RECORDED,NOT_RECORDED
ISO 9001:2026,8.4.2,OPER-07,p.17 §8.4.2,NOT_REVIEWED,NOT_REVIEWED,NOT_RECORDED,NOT_REVIEWED,NOT_REVIEWED,NOT_REVIEWED,NOT_REVIEWED,NONE_RECORDED,NOT_REVIEWED,NOT_ASSIGNED,NOT_RECORDED,NOT_RECORDED
ISO 9001:2026,8.4.3,OPER-07,p.18 §8.4.3,NOT_REVIEWED,NOT_REVIEWED,NOT_RECORDED,NOT_REVIEWED,NOT_REVIEWED,NOT_REVIEWED,NOT_REVIEWED,NONE_RECORDED,NOT_REVIEWED,NOT_ASSIGNED,NOT_RECORDED,NOT_RECORDED
ISO 9001:2026,8.5,OPER-08,p.18 §8.5,NOT_REVIEWED,NOT_REVIEWED,NOT_RECORDED,NOT_REVIEWED,NOT_REVIEWED,NOT_REVIEWED,NOT_REVIEWED,NONE_RECORDED,NOT_REVIEWED,NOT_ASSIGNED,NOT_RECORDED,NOT_RECORDED
ISO 9001:2026,8.5.1,OPER-08,p.18 §8.5.1,NOT_REVIEWED,NOT_REVIEWED,NOT_RECORDED,NOT_REVIEWED,NOT_REVIEWED,NOT_REVIEWED,NOT_REVIEWED,NONE_RECORDED,NOT_REVIEWED,NOT_ASSIGNED,NOT_RECORDED,NOT_RECORDED
ISO 9001:2026,8.5.2,OPER-09,p.19 §8.5.2,NOT_REVIEWED,NOT_REVIEWED,NOT_RECORDED,NOT_REVIEWED,NOT_REVIEWED,NOT_REVIEWED,NOT_REVIEWED,NONE_RECORDED,NOT_REVIEWED,NOT_ASSIGNED,NOT_RECORDED,NOT_RECORDED
ISO 9001:2026,8.5.3,OPER-09,p.19 §8.5.3,NOT_REVIEWED,NOT_REVIEWED,NOT_RECORDED,NOT_REVIEWED,NOT_REVIEWED,NOT_REVIEWED,NOT_REVIEWED,NONE_RECORDED,NOT_REVIEWED,NOT_ASSIGNED,NOT_RECORDED,NOT_RECORDED
ISO 9001:2026,8.5.4,OPER-10,p.19 §8.5.4,NOT_REVIEWED,NOT_REVIEWED,NOT_RECORDED,NOT_REVIEWED,NOT_REVIEWED,NOT_REVIEWED,NOT_REVIEWED,NONE_RECORDED,NOT_REVIEWED,NOT_ASSIGNED,NOT_RECORDED,NOT_RECORDED
ISO 9001:2026,8.5.5,OPER-10,p.19 §8.5.5,NOT_REVIEWED,NOT_REVIEWED,NOT_RECORDED,NOT_REVIEWED,NOT_REVIEWED,NOT_REVIEWED,NOT_REVIEWED,NONE_RECORDED,NOT_REVIEWED,NOT_ASSIGNED,NOT_RECORDED,NOT_RECORDED
ISO 9001:2026,8.5.6,OPER-11,p.20 §8.5.6,NOT_REVIEWED,NOT_REVIEWED,NOT_RECORDED,NOT_REVIEWED,NOT_REVIEWED,NOT_REVIEWED,NOT_REVIEWED,NONE_RECORDED,NOT_REVIEWED,NOT_ASSIGNED,NOT_RECORDED,NOT_RECORDED
ISO 9001:2026,8.6,OPER-12,p.20 §8.6,NOT_REVIEWED,NOT_REVIEWED,NOT_RECORDED,NOT_REVIEWED,NOT_REVIEWED,NOT_REVIEWED,NOT_REVIEWED,NONE_RECORDED,NOT_REVIEWED,NOT_ASSIGNED,NOT_RECORDED,NOT_RECORDED
ISO 9001:2026,8.7,OPER-13,p.20 §8.7,NOT_REVIEWED,NOT_REVIEWED,NOT_RECORDED,NOT_REVIEWED,NOT_REVIEWED,NOT_REVIEWED,NOT_REVIEWED,NONE_RECORDED,NOT_REVIEWED,NOT_ASSIGNED,NOT_RECORDED,NOT_RECORDED
ISO 9001:2026,9.1,EVAL-01,p.21 §9.1,NOT_REVIEWED,NOT_REVIEWED,NOT_RECORDED,NOT_REVIEWED,NOT_REVIEWED,NOT_REVIEWED,NOT_REVIEWED,NONE_RECORDED,NOT_REVIEWED,NOT_ASSIGNED,NOT_RECORDED,NOT_RECORDED
ISO 9001:2026,9.1.1,EVAL-01,p.21 §9.1.1,NOT_REVIEWED,NOT_REVIEWED,NOT_RECORDED,NOT_REVIEWED,NOT_REVIEWED,NOT_REVIEWED,NOT_REVIEWED,NONE_RECORDED,NOT_REVIEWED,NOT_ASSIGNED,NOT_RECORDED,NOT_RECORDED
ISO 9001:2026,9.1.2,EVAL-01,p.21 §9.1.2,NOT_REVIEWED,NOT_REVIEWED,NOT_RECORDED,NOT_REVIEWED,NOT_REVIEWED,NOT_REVIEWED,NOT_REVIEWED,NONE_RECORDED,NOT_REVIEWED,NOT_ASSIGNED,NOT_RECORDED,NOT_RECORDED
ISO 9001:2026,9.1.3,EVAL-01,p.21 §9.1.3,NOT_REVIEWED,NOT_REVIEWED,NOT_RECORDED,NOT_REVIEWED,NOT_REVIEWED,NOT_REVIEWED,NOT_REVIEWED,NONE_RECORDED,NOT_REVIEWED,NOT_ASSIGNED,NOT_RECORDED,NOT_RECORDED
ISO 9001:2026,9.2,EVAL-02,p.22 §9.2,NOT_REVIEWED,NOT_REVIEWED,NOT_RECORDED,NOT_REVIEWED,NOT_REVIEWED,NOT_REVIEWED,NOT_REVIEWED,NONE_RECORDED,NOT_REVIEWED,NOT_ASSIGNED,NOT_RECORDED,NOT_RECORDED
ISO 9001:2026,9.2.1,EVAL-02,p.22 §9.2.1,NOT_REVIEWED,NOT_REVIEWED,NOT_RECORDED,NOT_REVIEWED,NOT_REVIEWED,NOT_REVIEWED,NOT_REVIEWED,NONE_RECORDED,NOT_REVIEWED,NOT_ASSIGNED,NOT_RECORDED,NOT_RECORDED
ISO 9001:2026,9.2.2,EVAL-02,p.22 §9.2.2,NOT_REVIEWED,NOT_REVIEWED,NOT_RECORDED,NOT_REVIEWED,NOT_REVIEWED,NOT_REVIEWED,NOT_REVIEWED,NONE_RECORDED,NOT_REVIEWED,NOT_ASSIGNED,NOT_RECORDED,NOT_RECORDED
ISO 9001:2026,9.3,EVAL-03,p.22 §9.3,NOT_REVIEWED,NOT_REVIEWED,NOT_RECORDED,NOT_REVIEWED,NOT_REVIEWED,NOT_REVIEWED,NOT_REVIEWED,NONE_RECORDED,NOT_REVIEWED,NOT_ASSIGNED,NOT_RECORDED,NOT_RECORDED
ISO 9001:2026,10.1,IMPR-01,p.23 §10.1,NOT_REVIEWED,NOT_REVIEWED,NOT_RECORDED,NOT_REVIEWED,NOT_REVIEWED,NOT_REVIEWED,NOT_REVIEWED,NONE_RECORDED,NOT_REVIEWED,NOT_ASSIGNED,NOT_RECORDED,NOT_RECORDED
ISO 9001:2026,10.2,IMPR-02,p.23 §10.2,NOT_REVIEWED,NOT_REVIEWED,NOT_RECORDED,NOT_REVIEWED,NOT_REVIEWED,NOT_REVIEWED,NOT_REVIEWED,NONE_RECORDED,NOT_REVIEWED,NOT_ASSIGNED,NOT_RECORDED,NOT_RECORDED
